,state,state_url,newspaper_name,city,newspaper_url,isRefdesk
12,South Dakota,https://www.refdesk.com/sd.html,,,https://www.google.com,False
13,South Dakota,https://www.refdesk.com/sd.html,Search Tips/Tricks,,https://support.google.com/websearch,False
16,South Dakota,https://www.refdesk.com/sd.html,State Information,,https://www.infoplease.com/us/states/south-dakota,False
17,South Dakota,https://www.refdesk.com/sd.html,Aberdeen American News,,https://www.aberdeennews.com/,False
18,South Dakota,https://www.refdesk.com/sd.html,Argus Leader,,https://www.argusleader.com/,False
19,South Dakota,https://www.refdesk.com/sd.html,Black Hills Pioneer,,https://www.bhpioneer.com/,False
20,South Dakota,https://www.refdesk.com/sd.html,Brookings Register,,https://brookingsregister.com/,False
21,South Dakota,https://www.refdesk.com/sd.html,Capital Journal,,https://www.capjournal.com/,False
22,South Dakota,https://www.refdesk.com/sd.html,"Daily Republic, The",,https://www.mitchellrepublic.com/,False
23,South Dakota,https://www.refdesk.com/sd.html,Groton Independent,,https://397news.com/,False
24,South Dakota,https://www.refdesk.com/sd.html,Indian Country Today,,https://indiancountrytoday.com/,False
25,South Dakota,https://www.refdesk.com/sd.html,"Lennox Independent, The",,https://www.lennoxnews.com/,False
26,South Dakota,https://www.refdesk.com/sd.html,"Madison Daily Leader, The",,https://www.dailyleaderextra.com/,False
27,South Dakota,https://www.refdesk.com/sd.html,"Miller Press, The",,https://www.themillerpress.com/,False
28,South Dakota,https://www.refdesk.com/sd.html,"Mitchell Daily Republic, The",,https://www.mitchellrepublic.com/,False
29,South Dakota,https://www.refdesk.com/sd.html,Mobridge Tribune,,https://www.mobridgetribune.com/,False
30,South Dakota,https://www.refdesk.com/sd.html,"Parkston Advance, The",,http://www.parkstonadvance.com/,False
31,South Dakota,https://www.refdesk.com/sd.html,"Pioneer Review, The",,http://www.pioneer-review.com/,False
32,South Dakota,https://www.refdesk.com/sd.html,Plain Talk,,https://www.plaintalk.net/,False
33,South Dakota,https://www.refdesk.com/sd.html,Plainsman,,https://plainsman.com/,False
34,South Dakota,https://www.refdesk.com/sd.html,Rapid City Journal,,https://rapidcityjournal.com/,False
35,South Dakota,https://www.refdesk.com/sd.html,"Sisseton Courier, The",,http://www.sissetoncourier.com/,False
36,South Dakota,https://www.refdesk.com/sd.html,Tripp Star-Ledger,,http://www.parkstonadvance.com/,False
37,South Dakota,https://www.refdesk.com/sd.html,Watertown Public Opinion,,https://www.thepublicopinion.com/,False
38,South Dakota,https://www.refdesk.com/sd.html,Yankton Daily Press & Dakotan,,https://www.yankton.net/,False
51,Louisiana,https://www.refdesk.com/la.html,,,https://www.google.com,False
52,Louisiana,https://www.refdesk.com/la.html,Search Tips/Tricks,,https://support.google.com/websearch,False
55,Louisiana,https://www.refdesk.com/la.html,State Information,,https://www.infoplease.com/us/states/louisiana,False
56,Louisiana,https://www.refdesk.com/la.html,"Advertiser, The",,https://www.theadvertiser.com/,False
57,Louisiana,https://www.refdesk.com/la.html,"Advocate, The",,https://www.theadvocate.com/,False
58,Louisiana,https://www.refdesk.com/la.html,Alexandria Daily Town Talk,,https://www.thetowntalk.com/,False
59,Louisiana,https://www.refdesk.com/la.html,"American Press, The",,https://www.americanpress.com/,False
60,Louisiana,https://www.refdesk.com/la.html,Bastrop Daily Enterprise,,https://www.bastropenterprise.com/,False
61,Louisiana,https://www.refdesk.com/la.html,Beauregard Daily News,,https://www.beauregarddailynews.net/,False
62,Louisiana,https://www.refdesk.com/la.html,Bossier Press-Tribune,,https://bossierpress.com/,False
63,Louisiana,https://www.refdesk.com/la.html,Business Report,,https://www.businessreport.com/,False
64,Louisiana,https://www.refdesk.com/la.html,"Crowley Post-Signal, The",,https://www.crowleypostsignal.com/,False
65,Louisiana,https://www.refdesk.com/la.html,"Daily Comet, The",,https://www.dailycomet.com/,False
66,Louisiana,https://www.refdesk.com/la.html,"Daily Iberian, The",,https://www.iberianet.com/,False
67,Louisiana,https://www.refdesk.com/la.html,"Daily Review, The",,https://www.daily-review.com/,False
68,Louisiana,https://www.refdesk.com/la.html,"Daily Star, The",,https://www.hammondstar.com/,False
69,Louisiana,https://www.refdesk.com/la.html,"Daily World, The",,https://www.dailyworld.com/,False
70,Louisiana,https://www.refdesk.com/la.html,"Franklin Banner-Tribune, The",,https://www.banner-tribune.com/,False
71,Louisiana,https://www.refdesk.com/la.html,Gonzales Weekly Citizen,,https://www.weeklycitizen.com/,False
72,Louisiana,https://www.refdesk.com/la.html,Houma Today,,https://www.houmatoday.com/,False
73,Louisiana,https://www.refdesk.com/la.html,L'Observateur,,https://lobservateur.com/,False
74,Louisiana,https://www.refdesk.com/la.html,"Leesville Daily Leader, The",,https://www.leesvilledailyleader.com/,False
75,Louisiana,https://www.refdesk.com/la.html,Louisiana Weekly,,http://www.louisianaweekly.com/,False
76,Louisiana,https://www.refdesk.com/la.html,"Minden Press-Herald, The",,https://press-herald.com/,False
77,Louisiana,https://www.refdesk.com/la.html,News-Star,,https://www.thenewsstar.com/,False
78,Louisiana,https://www.refdesk.com/la.html,Rayne Acadian-Tribune,,https://www.raynetoday.com/,False
79,Louisiana,https://www.refdesk.com/la.html,"ShreveportTimes, The",,https://www.shreveporttimes.com/,False
80,Louisiana,https://www.refdesk.com/la.html,"Slidell Independent, The",,https://www.slidell-independent.com/,False
81,Louisiana,https://www.refdesk.com/la.html,Southwest Daily News,,https://www.sulphurdailynews.com/,False
82,Louisiana,https://www.refdesk.com/la.html,"Times-Picayune, The",,https://www.nola.com/,False
95,South Carolina,https://www.refdesk.com/sc.html,,,https://www.google.com,False
96,South Carolina,https://www.refdesk.com/sc.html,Search Tips/Tricks,,https://support.google.com/websearch,False
99,South Carolina,https://www.refdesk.com/sc.html,State Information,,https://www.infoplease.com/us/states/south-carolina,False
100,South Carolina,https://www.refdesk.com/sc.html,Aiken Standard,,https://www.postandcourier.com/aikenstandard/,False
101,South Carolina,https://www.refdesk.com/sc.html,"Anderson Independent-Mail, The",,https://www.independentmail.com/,False
102,South Carolina,https://www.refdesk.com/sc.html,"Beaufort Gazette, The",,https://www.islandpacket.com/news/local/community/beaufort-news/,False
103,South Carolina,https://www.refdesk.com/sc.html,"Berkeley Observer, The",,https://www.berkeleyobserver.com/,False
104,South Carolina,https://www.refdesk.com/sc.html,Charleston City Paper,,https://www.charlestoncitypaper.com/,False
105,South Carolina,https://www.refdesk.com/sc.html,Chronicle Independent,,https://www.chronicle-independent.com/,False
106,South Carolina,https://www.refdesk.com/sc.html,Charleston Daily News,,http://charlestondaily.com/,False
107,South Carolina,https://www.refdesk.com/sc.html,Charleston Regional Business Journal,,https://charlestonbusiness.com/,False
108,South Carolina,https://www.refdesk.com/sc.html,Dillon Herald,,https://www.dillonheraldonline.com/,False
109,South Carolina,https://www.refdesk.com/sc.html,Free Times,,https://www.postandcourier.com/free-times/,False
110,South Carolina,https://www.refdesk.com/sc.html,GSA Business Journal,,https://gsabusiness.com/,False
111,South Carolina,https://www.refdesk.com/sc.html,"Gaffney Ledger, The",,https://www.gaffneyledger.com/,False
112,South Carolina,https://www.refdesk.com/sc.html,"Greenville News, The",,https://www.greenvilleonline.com/,False
113,South Carolina,https://www.refdesk.com/sc.html,"Herald, The",,https://www.heraldonline.com/,False
114,South Carolina,https://www.refdesk.com/sc.html,Herald-Journal,,https://www.goupstate.com/,False
115,South Carolina,https://www.refdesk.com/sc.html,"Index-Journal, The",,https://www.indexjournal.com/,False
116,South Carolina,https://www.refdesk.com/sc.html,Island Packet,,https://www.islandpacket.com/,False
117,South Carolina,https://www.refdesk.com/sc.html,"Item, The",,https://www.theitem.com/,False
118,South Carolina,https://www.refdesk.com/sc.html,"Lancaster News, The",,https://www.thelancasternews.com/,False
119,South Carolina,https://www.refdesk.com/sc.html,Lexington County Chronicle,,https://www.lexingtonchronicle.com/,False
120,South Carolina,https://www.refdesk.com/sc.html,Marlboro Herald Advocate,,http://www.heraldadvocate.com/,False
121,South Carolina,https://www.refdesk.com/sc.html,"Messenger, The",,http://www.hartsvillemessenger.com/,False
122,South Carolina,https://www.refdesk.com/sc.html,Morning News,,https://scnow.com/,False
123,South Carolina,https://www.refdesk.com/sc.html,"News, The",,https://www.postandcourier.com/kingstree/,False
124,South Carolina,https://www.refdesk.com/sc.html,"Post and Courier, The",,https://www.postandcourier.com/,False
125,South Carolina,https://www.refdesk.com/sc.html,Standard-Sentinel,,http://www.saludastandard-sentinel.com/,False
126,South Carolina,https://www.refdesk.com/sc.html,"State, The",,https://www.thestate.com/,False
127,South Carolina,https://www.refdesk.com/sc.html,"Sun-News, The",,https://www.myrtlebeachonline.com/,False
128,South Carolina,https://www.refdesk.com/sc.html,"Union Daily Times, The",,https://www.uniondailytimes.com/,False
141,Wyoming,https://www.refdesk.com/wy.html,,,https://www.google.com,False
142,Wyoming,https://www.refdesk.com/wy.html,Search Tips/Tricks,,https://support.google.com/websearch,False
145,Wyoming,https://www.refdesk.com/wy.html,State Information,,https://www.infoplease.com/us/states/wyoming,False
146,Wyoming,https://www.refdesk.com/wy.html,Business Farmer,,https://thebusinessfarmer.com/,False
147,Wyoming,https://www.refdesk.com/wy.html,Casper Star Tribune,,https://trib.com/,False
148,Wyoming,https://www.refdesk.com/wy.html,Cody Enterprise,,https://www.codyenterprise.com/,False
149,Wyoming,https://www.refdesk.com/wy.html,Douglas Budget,,https://www.douglas-budget.com/,False
150,Wyoming,https://www.refdesk.com/wy.html,Lingle Guide,,https://lingleguide.com/,False
151,Wyoming,https://www.refdesk.com/wy.html,Lusk Herald,,https://luskherald.com/,False
152,Wyoming,https://www.refdesk.com/wy.html,Net Newspaper,,https://yellowstone.net/newspaper/,False
153,Wyoming,https://www.refdesk.com/wy.html,"Ranger, The",,https://www.dailyranger.com/,False
154,Wyoming,https://www.refdesk.com/wy.html,"Sheridan Press, The",,https://www.thesheridanpress.com/,False
155,Wyoming,https://www.refdesk.com/wy.html,"Telegram, The",,https://torringtontelegram.com/,False
156,Wyoming,https://www.refdesk.com/wy.html,Wyoming Tribune Eagle,,https://www.wyomingnews.com/,False
169,Florida,https://www.refdesk.com/fl.html,,,https://www.google.com,False
170,Florida,https://www.refdesk.com/fl.html,Search Tips/Tricks,,https://support.google.com/websearch,False
173,Florida,https://www.refdesk.com/fl.html,State Information,,https://www.infoplease.com/us/states/florida,False
174,Florida,https://www.refdesk.com/fl.html,Apalachicola Times,,https://www.apalachtimes.com/,False
175,Florida,https://www.refdesk.com/fl.html,AroundOsceola News Gazette,,https://www.aroundosceola.com/,False
176,Florida,https://www.refdesk.com/fl.html,"Baker County Press, The",,https://bakercountypress.com/,False
177,Florida,https://www.refdesk.com/fl.html,Basta Pinoy,,http://www.bastapinoy.com/,False
178,Florida,https://www.refdesk.com/fl.html,"Beaches Leader, The",,https://www.beachesleader.com/,False
179,Florida,https://www.refdesk.com/fl.html,Boca Beacon,,https://bocabeacon.com/,False
180,Florida,https://www.refdesk.com/fl.html,Bradenton.com,,https://www.bradenton.com/,False
181,Florida,https://www.refdesk.com/fl.html,Cape Coral Daily Breeze,,https://www.capecoralbreeze.com,False
182,Florida,https://www.refdesk.com/fl.html,Cedar Key Beacon,,https://www.chieflandcitizen.com/,False
183,Florida,https://www.refdesk.com/fl.html,Charlotte Sun Herald,,https://www.yoursun.com/,False
184,Florida,https://www.refdesk.com/fl.html,Chipley Bugle,,https://chipleybugle.com/,False
185,Florida,https://www.refdesk.com/fl.html,Citrus County Chronicle,,https://www.chronicleonline.com/,False
186,Florida,https://www.refdesk.com/fl.html,Community News of Miami,,https://communitynewspapers.com/,False
187,Florida,https://www.refdesk.com/fl.html,Daily News,,https://www.palatkadailynews.com/,False
188,Florida,https://www.refdesk.com/fl.html,"Daily Record, The",,https://www.jaxdailyrecord.com/,False
189,Florida,https://www.refdesk.com/fl.html,Daily Sun,,https://www.thevillagesdailysun.com/,False
190,Florida,https://www.refdesk.com/fl.html,Daytona Beach News-Journal,,https://www.news-journalonline.com/,False
191,Florida,https://www.refdesk.com/fl.html,Daytona Times,,https://www.daytonatimes.com/,False
192,Florida,https://www.refdesk.com/fl.html,DeLand-Deltona Beacon,,https://www.beacononlinenews.com/,False
193,Florida,https://www.refdesk.com/fl.html,El Nuevo Herald,,https://www.elnuevoherald.com/,False
194,Florida,https://www.refdesk.com/fl.html,Englewood Sun Herald,,https://www.yoursun.com/englewood/,False
195,Florida,https://www.refdesk.com/fl.html,Florida Today,,https://www.floridatoday.com/,False
196,Florida,https://www.refdesk.com/fl.html,Florida Times-Union,,https://www.jacksonville.com/,False
197,Florida,https://www.refdesk.com/fl.html,Folio Weekly,,https://folioweekly.com/,False
198,Florida,https://www.refdesk.com/fl.html,Fort Lauderdale Sun-Sentinel,,https://www.sun-sentinel.com/,False
199,Florida,https://www.refdesk.com/fl.html,FSUNews.com,,https://www.fsunews.com/,False
200,Florida,https://www.refdesk.com/fl.html,Gainesville Sun,,https://www.gainesville.com/,False
201,Florida,https://www.refdesk.com/fl.html,"Independent FL Alligator, The",,https://www.alligator.org/,False
202,Florida,https://www.refdesk.com/fl.html,Jacksonville Business Journal,,https://www.bizjournals.com/jacksonville/,False
203,Florida,https://www.refdesk.com/fl.html,Key West Citizen,,https://www.keysnews.com/,False
204,Florida,https://www.refdesk.com/fl.html,KeysNet.com,,https://www.flkeysnews.com/,False
205,Florida,https://www.refdesk.com/fl.html,Lake City Reporter,,https://www.lakecityreporter.com/,False
206,Florida,https://www.refdesk.com/fl.html,"Ledger, The",,https://www.theledger.com/,False
207,Florida,https://www.refdesk.com/fl.html,Marco Island Eagle,,https://www.marconews.com/,False
208,Florida,https://www.refdesk.com/fl.html,Miami's Community Newspapers,,https://communitynewspapers.com/,False
209,Florida,https://www.refdesk.com/fl.html,Miami Herald,,https://www.miamiherald.com/,False
210,Florida,https://www.refdesk.com/fl.html,Miami New-Times,,https://www.miaminewtimes.com/,False
211,Florida,https://www.refdesk.com/fl.html,Miami Today,,https://www.miamitodaynews.com/,False
212,Florida,https://www.refdesk.com/fl.html,Naples Daily News,,https://www.naplesnews.com/,False
213,Florida,https://www.refdesk.com/fl.html,"News Herald, The",,https://www.newsherald.com/,False
214,Florida,https://www.refdesk.com/fl.html,News-Leader,,https://www.fbnewsleader.com/,False
215,Florida,https://www.refdesk.com/fl.html,News-Press,,https://www.news-press.com/,False
216,Florida,https://www.refdesk.com/fl.html,News-Sun,,https://www.midfloridanewspapers.com/highlands_news-sun/,False
217,Florida,https://www.refdesk.com/fl.html,New Times Broward - Palm Beach,,https://www.browardpalmbeach.com/,False
218,Florida,https://www.refdesk.com/fl.html,Northwest Florida Daily News,,https://www.nwfdailynews.com/,False
219,Florida,https://www.refdesk.com/fl.html,Ocala.com,,https://www.ocala.com/,False
220,Florida,https://www.refdesk.com/fl.html,Orlando Business Journal,,https://www.bizjournals.com/orlando/index.html,False
221,Florida,https://www.refdesk.com/fl.html,Orlando Sentinel,,https://www.orlandosentinel.com/,False
222,Florida,https://www.refdesk.com/fl.html,"Orlando Times, The",,https://www.orlando-times.com/,False
223,Florida,https://www.refdesk.com/fl.html,Orlando Weekly,,https://www.orlandoweekly.com/,False
224,Florida,https://www.refdesk.com/fl.html,Palm Beach Daily News,,https://www.palmbeachdailynews.com/,False
225,Florida,https://www.refdesk.com/fl.html,Palm Beach Post,,https://www.palmbeachpost.com/,False
226,Florida,https://www.refdesk.com/fl.html,Pensacola News Journal,,https://www.pnj.com/,False
227,Florida,https://www.refdesk.com/fl.html,Pine Island News,,https://www.pineislandnews.com/,False
228,Florida,https://www.refdesk.com/fl.html,NewsChief.com,,https://www.newschief.com/,False
229,Florida,https://www.refdesk.com/fl.html,"St. Augustine Record, The",,https://www.staugustine.com/,False
230,Florida,https://www.refdesk.com/fl.html,Sarasota Herald-Tribune,,https://www.heraldtribune.com/,False
231,Florida,https://www.refdesk.com/fl.html,South Florida Business Journal,,https://www.bizjournals.com/southflorida/,False
232,Florida,https://www.refdesk.com/fl.html,Sebastian Sun,,https://www.tcpalm.com/,False
233,Florida,https://www.refdesk.com/fl.html,"Star, The",,https://www.starfl.com/,False
234,Florida,https://www.refdesk.com/fl.html,Sumter County Times,,https://www.sumtercountytimes.com/,False
235,Florida,https://www.refdesk.com/fl.html,Sun-Sentinel,,https://www.sun-sentinel.com/,False
236,Florida,https://www.refdesk.com/fl.html,TCPalm.com,,https://www.tcpalm.com/,False
237,Florida,https://www.refdesk.com/fl.html,Tallahassee Democrat Online,,https://www.tallahassee.com/,False
238,Florida,https://www.refdesk.com/fl.html,Tampa Bay Business,,https://www.bizjournals.com/tampabay/,False
239,Florida,https://www.refdesk.com/fl.html,Tampa Bay Times,,https://www.tampabay.com/,False
240,Florida,https://www.refdesk.com/fl.html,Town-Crier,,https://gotowncrier.com/,False
241,Florida,https://www.refdesk.com/fl.html,Venice Gondolier Sun,,https://www.yoursun.com/venice/,False
242,Florida,https://www.refdesk.com/fl.html,"Walton Sun, The",,https://www.waltonsun.com/,False
243,Florida,https://www.refdesk.com/fl.html,Waterfront Times,,https://waterfronttimes.com/,False
244,Florida,https://www.refdesk.com/fl.html,"Williston Pioneer, The",,https://www.willistonpioneer.com/,False
245,Florida,https://www.refdesk.com/fl.html,Zephyrhills News,,https://thezephyrhillsnewsonline.com/,False
258,Rhode Island,https://www.refdesk.com/ri.html,,,https://www.google.com,False
259,Rhode Island,https://www.refdesk.com/ri.html,Search Tips/Tricks,,https://support.google.com/websearch,False
262,Rhode Island,https://www.refdesk.com/ri.html,State Information,,https://www.infoplease.com/us/states/rhode-island,False
263,Rhode Island,https://www.refdesk.com/ri.html,Brown Daily Herald,,https://www.browndailyherald.com/,False
264,Rhode Island,https://www.refdesk.com/ri.html,Chariho Times,,https://www.ricentral.com/chariho_times/,False
265,Rhode Island,https://www.refdesk.com/ri.html,Coventry Courier,,https://www.ricentral.com/coventry_courier/,False
266,Rhode Island,https://www.refdesk.com/ri.html,East Bay Newspapers,,https://www.eastbayri.com/,False
267,Rhode Island,https://www.refdesk.com/ri.html,"Kent County Daily Times, The",,https://www.ricentral.com/news/,False
268,Rhode Island,https://www.refdesk.com/ri.html,"Narragansett Times, The",,https://www.ricentral.com/narragansett_times/,False
269,Rhode Island,https://www.refdesk.com/ri.html,Newport Daily News,,https://www.newportri.com/,False
270,Rhode Island,https://www.refdesk.com/ri.html,"Standard Times, The",,https://www.ricentral.com/nk_standard_times/,False
271,Rhode Island,https://www.refdesk.com/ri.html,Pendulum. The,,https://www.ricentral.com/east_greenwich_pendulum/,False
272,Rhode Island,https://www.refdesk.com/ri.html,Providence Business News,,https://pbn.com/,False
273,Rhode Island,https://www.refdesk.com/ri.html,Providence Journal-Bulletin,,https://www.providencejournal.com/,False
274,Rhode Island,https://www.refdesk.com/ri.html,Pawtucket Times,,https://www.pawtuckettimes.com/,False
275,Rhode Island,https://www.refdesk.com/ri.html,Warwick Beacon,,https://warwickonline.com/,False
276,Rhode Island,https://www.refdesk.com/ri.html,"Westerly Sun, The",,https://www.thewesterlysun.com/,False
277,Rhode Island,https://www.refdesk.com/ri.html,Worcester Telegram & Gazette,,https://www.telegram.com/,False
278,Rhode Island,https://www.refdesk.com/ri.html,Woonsocket Call,,https://www.woonsocketcall.com/,False
291,Idaho,https://www.refdesk.com/id.html,,,https://www.google.com,False
292,Idaho,https://www.refdesk.com/id.html,Search Tips/Tricks,,https://support.google.com/websearch,False
295,Idaho,https://www.refdesk.com/id.html,State Information,,https://www.infoplease.com/us/states/idaho,False
296,Idaho,https://www.refdesk.com/id.html,9B News,,https://9b.news/,False
297,Idaho,https://www.refdesk.com/id.html,Bonner County Daily Bee,,https://bonnercountydailybee.com/,False
298,Idaho,https://www.refdesk.com/id.html,"Challis Messenger, The",,https://www.postregister.com/messenger/,False
299,Idaho,https://www.refdesk.com/id.html,Clearwater Tribune,,https://www.clearwatertribune.com/,False
300,Idaho,https://www.refdesk.com/id.html,Coeur d' Alene Press,,https://cdapress.com/,False
301,Idaho,https://www.refdesk.com/id.html,Idaho Mountain Express and Guide,,https://www.mtexpress.com/,False
302,Idaho,https://www.refdesk.com/id.html,Idaho Press Tribune,,https://www.idahopress.com/,False
303,Idaho,https://www.refdesk.com/id.html,"Idaho Statesman, The",,https://www.idahostatesman.com/,False
304,Idaho,https://www.refdesk.com/id.html,"Idaho State Journal, The",,https://www.idahostatejournal.com/,False
305,Idaho,https://www.refdesk.com/id.html,Lewiston Morning Tribune,,https://lmtribune.com/,False
306,Idaho,https://www.refdesk.com/id.html,"Moscow-Pullman Daily News, The",,https://dnews.com/,False
307,Idaho,https://www.refdesk.com/id.html,Mountain Home News,,https://www.mountainhomenews.com/,False
308,Idaho,https://www.refdesk.com/id.html,News-Examiner,,https://www.hjnews.com/montpelier/,False
309,Idaho,https://www.refdesk.com/id.html,"Post Register, The",,https://idahonews.com/,False
310,Idaho,https://www.refdesk.com/id.html,Sandpoint Online,,https://www.sandpointonline.com/news/index.shtml,False
311,Idaho,https://www.refdesk.com/id.html,Star News,,https://www.mccallstarnews.com/,False
312,Idaho,https://www.refdesk.com/id.html,"Times-News Online, The",,https://magicvalley.com/,False
325,Washington,https://www.refdesk.com/wa.html,,,https://www.google.com,False
326,Washington,https://www.refdesk.com/wa.html,Search Tips/Tricks,,https://support.google.com/websearch,False
329,Washington,https://www.refdesk.com/wa.html,State Information,,https://www.infoplease.com/us/states/washington,False
330,Washington,https://www.refdesk.com/wa.html,Anacortes American,,https://www.goskagit.com/anacortes/,False
331,Washington,https://www.refdesk.com/wa.html,"Bellingham Herald, The",,https://www.bellinghamherald.com/,False
332,Washington,https://www.refdesk.com/wa.html,Bellevue Reporter,,https://www.bellevuereporter.com/,False
333,Washington,https://www.refdesk.com/wa.html,Camas-Washougal Post-Record,,https://www.camaspostrecord.com/,False
334,Washington,https://www.refdesk.com/wa.html,"Centralia Chronicle, The",,https://www.chronline.com/,False
335,Washington,https://www.refdesk.com/wa.html,Chinook Observer,,https://www.chinookobserver.com/,False
336,Washington,https://www.refdesk.com/wa.html,"Chronicle, The",,https://www.chronline.com/,False
337,Washington,https://www.refdesk.com/wa.html,"Columbian, The",,https://www.columbian.com/,False
338,Washington,https://www.refdesk.com/wa.html,"Daily News, The",,https://tdn.com/,False
339,Washington,https://www.refdesk.com/wa.html,"Daily Record, The",,https://www.dailyrecordnews.com/,False
340,Washington,https://www.refdesk.com/wa.html,"Daily World, The",,https://www.thedailyworld.com/,False
341,Washington,https://www.refdesk.com/wa.html,Gorge News,,https://www.columbiagorgenews.com/,False
342,Washington,https://www.refdesk.com/wa.html,"Herald, The",,https://www.heraldnet.com/,False
343,Washington,https://www.refdesk.com/wa.html,Islands' Sounder,,https://www.islandssounder.com/,False
344,Washington,https://www.refdesk.com/wa.html,"Kitsap Sun, The",,https://www.kitsapsun.com/,False
345,Washington,https://www.refdesk.com/wa.html,Lake Stevens Journal,,https://www.lakestevensjournal.com/,False
346,Washington,https://www.refdesk.com/wa.html,"Leader Online, The",,https://www.ptleader.com/,False
347,Washington,https://www.refdesk.com/wa.html,"Leavenworth Echo, The",,https://www.leavenworthecho.com/,False
348,Washington,https://www.refdesk.com/wa.html,Mercer Island Reporter,,https://www.mi-reporter.com/,False
349,Washington,https://www.refdesk.com/wa.html,Methow Valley News,,https://methowvalleynews.com/,False
350,Washington,https://www.refdesk.com/wa.html,Montesano Vidette,,https://www.thevidette.com/,False
351,Washington,https://www.refdesk.com/wa.html,Moscow-Pullman Daily News,,https://dnews.com/,False
352,Washington,https://www.refdesk.com/wa.html,"News Tribune, The",,https://www.thenewstribune.com/,False
353,Washington,https://www.refdesk.com/wa.html,"Olympian, The",,https://www.theolympian.com/,False
354,Washington,https://www.refdesk.com/wa.html,Peninsula Daily News,,https://www.peninsuladailynews.com/,False
355,Washington,https://www.refdesk.com/wa.html,"Peninsula Gateway , The",,https://www.thenewstribune.com/news/local/community/gateway/,False
356,Washington,https://www.refdesk.com/wa.html,Port Orchard Independent,,https://www.kitsapdailynews.com/,False
357,Washington,https://www.refdesk.com/wa.html,"Reflector, The",,https://www.thereflector.com/,False
358,Washington,https://www.refdesk.com/wa.html,San Juan Journal,,https://www.sanjuanjournal.com/,False
359,Washington,https://www.refdesk.com/wa.html,Seattle Daily Journal of Commerce,,https://www.djc.com/,False
360,Washington,https://www.refdesk.com/wa.html,seattlepi.com,,https://www.seattlepi.com/,False
361,Washington,https://www.refdesk.com/wa.html,Seattle Times,,https://www.seattletimes.com/,False
362,Washington,https://www.refdesk.com/wa.html,Seattle Weekly,,https://www.seattleweekly.com/,False
363,Washington,https://www.refdesk.com/wa.html,Skagit Valley Herald,,https://www.goskagit.com/,False
364,Washington,https://www.refdesk.com/wa.html,Snoqualmie Valley Record,,https://www.valleyrecord.com/,False
365,Washington,https://www.refdesk.com/wa.html,"Spokesman-Review, The",,https://www.spokesman.com/,False
366,Washington,https://www.refdesk.com/wa.html,"Stanwood/Camano, The",,https://www.goskagit.com/scnews/,False
367,Washington,https://www.refdesk.com/wa.html,Statesman Examiner,,https://www.statesmanexaminer.com/,False
368,Washington,https://www.refdesk.com/wa.html,Tacoma News Tribune,,https://www.thenewstribune.com/,False
369,Washington,https://www.refdesk.com/wa.html,Tri-City Herald,,https://www.tri-cityherald.com/,False
370,Washington,https://www.refdesk.com/wa.html,"Wenatchee World, The",,https://www.wenatcheeworld.com/,False
371,Washington,https://www.refdesk.com/wa.html,Whidbey News Times,,https://www.whidbeynewstimes.com/,False
372,Washington,https://www.refdesk.com/wa.html,"Yakima-Herald, The",,https://www.yakimaherald.com/,False
385,New York,https://www.refdesk.com/ny.html,,,https://www.google.com,False
386,New York,https://www.refdesk.com/ny.html,Search Tips/Tricks,,https://support.google.com/websearch,False
389,New York,https://www.refdesk.com/ny.html,State Information,,https://www.infoplease.com/us/states/new-york,False
390,New York,https://www.refdesk.com/ny.html,Amsterdam News,,http://www.amsterdamnews.org/news/default.asp,False
391,New York,https://www.refdesk.com/ny.html,Financial Times,,https://www.ft.com,False
392,New York,https://www.refdesk.com/ny.html,Wall Street Journal/Money & Investing Update,,https://www.wsj.com,False
393,New York,https://www.refdesk.com/ny.html,Wall Street Journal/Personal Technology,,https://www.wsj.com/news/technology,False
394,New York,https://www.refdesk.com/ny.html,New York Post,,https://nypost.com/,False
395,New York,https://www.refdesk.com/ny.html,New York Daily News,,https://www.nydailynews.com/,False
396,New York,https://www.refdesk.com/ny.html,New York Observer,,https://observer.com/,False
397,New York,https://www.refdesk.com/ny.html,"New York Times, Full Edition",,https://www.nytimes.com/,False
398,New York,https://www.refdesk.com/ny.html,Newsday,,https://www.newsday.com/,False
399,New York,https://www.refdesk.com/ny.html,Staten Island Advance,,https://www.silive.com/,False
400,New York,https://www.refdesk.com/ny.html,The Village Voice,,https://www.villagevoice.com/,False
401,New York,https://www.refdesk.com/ny.html,Albany Times Union,,https://www.timesunion.com/,False
402,New York,https://www.refdesk.com/ny.html,Anton Community Newspapers,,https://antonnews.com/,False
403,New York,https://www.refdesk.com/ny.html,Baldwin Herald,,https://www.liherald.com/baldwin/,False
404,New York,https://www.refdesk.com/ny.html,"Bee Newspapers, The",,http://www.beenews.com,False
405,New York,https://www.refdesk.com/ny.html,Bellmore Herald,,https://www.liherald.com/bellmore/,False
406,New York,https://www.refdesk.com/ny.html,"Buffalo News, The",,https://buffalonews.com/,False
407,New York,https://www.refdesk.com/ny.html,Business First,,https://www.bizjournals.com/buffalo/,False
408,New York,https://www.refdesk.com/ny.html,Business Journal,,https://rbj.net/,False
409,New York,https://www.refdesk.com/ny.html,Carnarsie Courier,,https://canarsiecourier.com,False
410,New York,https://www.refdesk.com/ny.html,Capital District Business Review,,https://www.bizjournals.com/albany/,False
411,New York,https://www.refdesk.com/ny.html,"Citizen, The",,https://auburnpub.com/,False
412,New York,https://www.refdesk.com/ny.html,CoopersTown Crier,,https://www.coopercrier.com/,False
413,New York,https://www.refdesk.com/ny.html,Crain's New York Business,,https://www.crainsnewyork.com/,False
414,New York,https://www.refdesk.com/ny.html,"Daily Freeman, The",,https://www.dailyfreeman.com/,False
415,New York,https://www.refdesk.com/ny.html,"Daily Gazette, The",,https://dailygazette.com/,False
416,New York,https://www.refdesk.com/ny.html,"Daily Star, The",,https://www.thedailystar.com/,False
417,New York,https://www.refdesk.com/ny.html,Dan's Papers,,https://www.danspapers.com/,False
418,New York,https://www.refdesk.com/ny.html,Democrat and Chronicle,,https://www.democratandchronicle.com/,False
419,New York,https://www.refdesk.com/ny.html,Dunkirk Observer,,https://www.observertoday.com/,False
420,New York,https://www.refdesk.com/ny.html,East Meadow Herald,,https://www.liherald.com/eastmeadow/,False
421,New York,https://www.refdesk.com/ny.html,East Rockaway Herald,,https://www.liherald.com/eastrockaway/,False
422,New York,https://www.refdesk.com/ny.html,Editor & Publisher,,https://www.mediainfo.com/,False
423,New York,https://www.refdesk.com/ny.html,"East Hampton Star, The",,https://www.easthamptonstar.com/,False
424,New York,https://www.refdesk.com/ny.html,"Evening Sun, The",,https://www.evesun.com/,False
425,New York,https://www.refdesk.com/ny.html,"Evening Tribune, The",,https://www.eveningtribune.com/,False
426,New York,https://www.refdesk.com/ny.html,Farmingdale Observer,,https://farmingdale-observer.com/,False
427,New York,https://www.refdesk.com/ny.html,"Finger Lake Times, The",,https://www.fltimes.com/,False
428,New York,https://www.refdesk.com/ny.html,Five Towns Herald,,https://www.liherald.com/fivetowns/,False
429,New York,https://www.refdesk.com/ny.html,Floral Park Dispatch,,https://floralparkdispatch.com/,False
430,New York,https://www.refdesk.com/ny.html,Franklin Square Herald,,https://www.liherald.com/franklinsquare/,False
431,New York,https://www.refdesk.com/ny.html,Freeport Leader,,https://www.liherald.com/freeport/,False
432,New York,https://www.refdesk.com/ny.html,Fulton Daily News,,https://oswegocountytoday.com/category/news/fulton/,False
433,New York,https://www.refdesk.com/ny.html,Garden City Life,,https://gardencity-life.com/,False
434,New York,https://www.refdesk.com/ny.html,Garden City News,,https://www.gcnews.com/,False
435,New York,https://www.refdesk.com/ny.html,Glen Cove Record-Pilot,,https://glencoverecordpilot.com/,False
436,New York,https://www.refdesk.com/ny.html,Gotham Gazette,,https://www.gothamgazette.com/,False
437,New York,https://www.refdesk.com/ny.html,Great Neck Record,,https://greatneckrecord.com/,False
438,New York,https://www.refdesk.com/ny.html,Greenwood Lake and West Milford News,,http://www.greenwoodlakenews.com,False
439,New York,https://www.refdesk.com/ny.html,Hicksville Illustrated News,,https://hicksvillenews.com/,False
440,New York,https://www.refdesk.com/ny.html,"Independent, The",,https://www.danspapers.com/?from=indy,False
441,New York,https://www.refdesk.com/ny.html,Island Park Herald,,https://www.liherald.com/islandpark/,False
442,New York,https://www.refdesk.com/ny.html,Ithaca Journal,,https://www.ithacajournal.com/,False
443,New York,https://www.refdesk.com/ny.html,Ithaca Times,,https://www.ithaca.com/,False
444,New York,https://www.refdesk.com/ny.html,Jamestown Post-Journal,,https://www.post-journal.com/,False
445,New York,https://www.refdesk.com/ny.html,"Jewish Star, The",,https://www.thejewishstar.com/,False
446,New York,https://www.refdesk.com/ny.html,"Journal News, The",,https://www.lohud.com/,False
447,New York,https://www.refdesk.com/ny.html,"Leader, The",,https://www.the-leader.com/,False
448,New York,https://www.refdesk.com/ny.html,"Leader-Herald, The",,https://www.leaderherald.com/,False
449,New York,https://www.refdesk.com/ny.html,LeRoy Pennysaver,,http://www.leroyny.com/,False
450,New York,https://www.refdesk.com/ny.html,Levittown Tribune,,https://levittown-tribune.com/,False
451,New York,https://www.refdesk.com/ny.html,Lewisboro Ledger,,http://www.lewisboroledger.com,False
452,New York,https://www.refdesk.com/ny.html,Long Beach Herald,,https://www.liherald.com/longbeach/,False
453,New York,https://www.refdesk.com/ny.html,Long Island Business News,,https://libn.com/,False
454,New York,https://www.refdesk.com/ny.html,Long Island Times,,http://www.litimes.com/,False
455,New York,https://www.refdesk.com/ny.html,Lynbrook Herald,,https://www.liherald.com/lynbrook/,False
456,New York,https://www.refdesk.com/ny.html,Malverne Herald,,https://www.liherald.com/malverne/,False
457,New York,https://www.refdesk.com/ny.html,Manhasset Press,,https://manhassetpress.com/,False
458,New York,https://www.refdesk.com/ny.html,Massapequan Observer,,https://www.massapequaobserver.com/,False
459,New York,https://www.refdesk.com/ny.html,Merrick Herald Life,,https://www.liherald.com/merrick/,False
460,New York,https://www.refdesk.com/ny.html,Mineola American,,https://mineolaamerican.com/,False
461,New York,https://www.refdesk.com/ny.html,Niagara Falls Reporter,,https://www.niagarafallsreporter.com/,False
462,New York,https://www.refdesk.com/ny.html,Niagara Gazette,,https://www.niagara-gazette.com/,False
463,New York,https://www.refdesk.com/ny.html,"New York Carib News, The",,https://www.nycaribnews.com,False
464,New York,https://www.refdesk.com/ny.html,Oceanside Herald,,https://www.liherald.com/oceanside/,False
465,New York,https://www.refdesk.com/ny.html,Observer-Dispatch,,https://www.uticaod.com/,False
466,New York,https://www.refdesk.com/ny.html,"Olean Times Herald, The",,https://www.oleantimesherald.com/,False
467,New York,https://www.refdesk.com/ny.html,Oneida Daily Dispatch,,https://www.oneidadispatch.com/,False
468,New York,https://www.refdesk.com/ny.html,Oyster Bay Enterprise-Pilot,,https://oysterbayenterprisepilot.com/,False
469,New York,https://www.refdesk.com/ny.html,Oyster Bay Guardian,,https://www.liherald.com/,False
470,New York,https://www.refdesk.com/ny.html,Pelham Post,,http://www.thepelhampost.com/,False
471,New York,https://www.refdesk.com/ny.html,Plainview-Old Bethpage Herald,,https://plainviewoldbethpageherald.com/,False
472,New York,https://www.refdesk.com/ny.html,Port Washington News,,https://portwashington-news.com/,False
473,New York,https://www.refdesk.com/ny.html,Post-Star,,https://poststar.com/,False
474,New York,https://www.refdesk.com/ny.html,Poughkeepsie Journal,,https://www.poughkeepsiejournal.com/,False
475,New York,https://www.refdesk.com/ny.html,Press and Sun-Bulletin,,https://www.pressconnects.com/,False
476,New York,https://www.refdesk.com/ny.html,Press-Republican,,https://www.pressrepublican.com/,False
477,New York,https://www.refdesk.com/ny.html,Putnam County News and Recorder,,https://www.pcnr.com/,False
478,New York,https://www.refdesk.com/ny.html,Queens Chronicle,,https://www.qchron.com/,False
479,New York,https://www.refdesk.com/ny.html,QNS,,https://qns.com/,False
480,New York,https://www.refdesk.com/ny.html,"Queens Gazette, The",,https://www.qgazette.com/,False
481,New York,https://www.refdesk.com/ny.html,"Times Telegram, The",,https://www.timestelegram.com/,False
482,New York,https://www.refdesk.com/ny.html,"Record, The",,https://www.troyrecord.com/,False
483,New York,https://www.refdesk.com/ny.html,River Reporter,,https://riverreporter.com/,False
484,New York,https://www.refdesk.com/ny.html,"Riverside Press, The",,https://riverdalepress.com/,False
485,New York,https://www.refdesk.com/ny.html,Rochester Business Journal,,https://rbj.net/,False
486,New York,https://www.refdesk.com/ny.html,Rochester Democrat and Chronicle,,https://www.democratandchronicle.com/,False
487,New York,https://www.refdesk.com/ny.html,Rockville Centre Herald,,https://www.liherald.com/rockvillecentre/,False
488,New York,https://www.refdesk.com/ny.html,Rome Sentinel,,https://romesentinel.com/,False
489,New York,https://www.refdesk.com/ny.html,Roslyn News,,https://roslyn-news.com/,False
490,New York,https://www.refdesk.com/ny.html,Sag Harbor Express,,https://sagharborexpress.com/,False
491,New York,https://www.refdesk.com/ny.html,"Saratogian, The",,https://www.saratogian.com/,False
492,New York,https://www.refdesk.com/ny.html,Seaford Herald Citizen,,https://www.liherald.com/seaford/,False
493,New York,https://www.refdesk.com/ny.html,"Southhampton Press, The",,https://www.27east.com/southampton-press/,False
494,New York,https://www.refdesk.com/ny.html,Star-Gazette Online,,https://www.stargazette.com/,False
495,New York,https://www.refdesk.com/ny.html,Suffolk Times,,https://suffolktimes.timesreview.com/,False
496,New York,https://www.refdesk.com/ny.html,Sullivan County Democrat,,https://www.scdemocratonline.com/,False
497,New York,https://www.refdesk.com/ny.html,Syosset-Jericho Tribune,,https://syossetjerichotribune.com/,False
498,New York,https://www.refdesk.com/ny.html,Syracuse Newspapers,,https://www.syracuse.com/,False
499,New York,https://www.refdesk.com/ny.html,Three Village Times,,https://tbrnewsmedia.com/village-times-herald/,False
500,New York,https://www.refdesk.com/ny.html,Times-Beacon-Record Newspapers,,https://tbrnewsmedia.com/,False
501,New York,https://www.refdesk.com/ny.html,"Times Herald-Record, The",,https://www.recordonline.com/,False
502,New York,https://www.refdesk.com/ny.html,Valley Stream Herald,,https://www.liherald.com/valleystream/,False
503,New York,https://www.refdesk.com/ny.html,The Villager,,https://www.amny.com/,False
504,New York,https://www.refdesk.com/ny.html,Wantagh Herald,,https://www.liherald.com/wantagh/,False
505,New York,https://www.refdesk.com/ny.html,Wayne Post,,https://www.waynepost.com/,False
506,New York,https://www.refdesk.com/ny.html,Wave of Long Island,,https://www.rockawave.com/,False
507,New York,https://www.refdesk.com/ny.html,"Watertown Daily Times, The",,https://www.nny360.com/,False
508,New York,https://www.refdesk.com/ny.html,Wellsville Daily Reporter,,https://www.wellsvilledaily.com/,False
509,New York,https://www.refdesk.com/ny.html,"West Indian, The",,https://www.thewestindianonline.com,False
510,New York,https://www.refdesk.com/ny.html,Westbury Times,,https://thewestburytimes.com/,False
511,New York,https://www.refdesk.com/ny.html,Westchester Today,,https://www.lohud.com/,False
512,New York,https://www.refdesk.com/ny.html,West Hempstead Herald,,https://www.liherald.com/westhempstead/,False
513,New York,https://www.refdesk.com/ny.html,"Yorktown Daily Voice, The",,https://dailyvoice.com/new-york/yorktown/,False
526,Montana,https://www.refdesk.com/mt.html,,,https://www.google.com,False
527,Montana,https://www.refdesk.com/mt.html,Search Tips/Tricks,,https://support.google.com/websearch,False
530,Montana,https://www.refdesk.com/mt.html,State Information,,https://www.infoplease.com/us/states/montana,False
531,Montana,https://www.refdesk.com/mt.html,Ag Almanac,,https://www.agupdate.com/theprairiestar/,False
532,Montana,https://www.refdesk.com/mt.html,Belgrade News,,https://www.belgrade-news.com/,False
533,Montana,https://www.refdesk.com/mt.html,Bigfork Eagle,,https://bigforkeagle.com/,False
534,Montana,https://www.refdesk.com/mt.html,"Billings Gazette, The",,https://billingsgazette.com/,False
535,Montana,https://www.refdesk.com/mt.html,Bozeman Daily Chronicle,,https://www.bozemandailychronicle.com/,False
536,Montana,https://www.refdesk.com/mt.html,Daily Inter Lake,,https://dailyinterlake.com/,False
537,Montana,https://www.refdesk.com/mt.html,Flathead Beacon,,https://flatheadbeacon.com/,False
538,Montana,https://www.refdesk.com/mt.html,Great Falls Tribune,,https://www.greatfallstribune.com/,False
539,Montana,https://www.refdesk.com/mt.html,Helena Independent Record,,https://helenair.com/,False
540,Montana,https://www.refdesk.com/mt.html,Hungry Horse News,,https://hungryhorsenews.com/,False
541,Montana,https://www.refdesk.com/mt.html,Laurel Outlook,,https://www.laureloutlook.com/,False
542,Montana,https://www.refdesk.com/mt.html,Lewistown News-Argus,,https://www.lewistownnews.com/,False
543,Montana,https://www.refdesk.com/mt.html,"Livingston Enterprise, The",,https://www.livingstonenterprise.com/,False
544,Montana,https://www.refdesk.com/mt.html,Miles City Star,,https://www.milescitystar.com/,False
545,Montana,https://www.refdesk.com/mt.html,"Missoulian, The",,https://missoulian.com/,False
546,Montana,https://www.refdesk.com/mt.html,"Montana Standard, The",,https://mtstandard.com/,False
547,Montana,https://www.refdesk.com/mt.html,Ravalli Republic,,https://ravallirepublic.com/,False
548,Montana,https://www.refdesk.com/mt.html,Seeley Swan Pathfinder,,https://www.seeleylake.com/,False
549,Montana,https://www.refdesk.com/mt.html,Sidney Herald-Leader,,https://www.sidneyherald.com/,False
550,Montana,https://www.refdesk.com/mt.html,West Yellowstone News,,https://www.bozemandailychronicle.com/news/yellowstone_national_park/,False
551,Montana,https://www.refdesk.com/mt.html,Whitefish Pilot,,https://whitefishpilot.com/,False
552,Montana,https://www.refdesk.com/mt.html,Yellowstone County News,,https://www.yellowstonecountynews.com/,False
553,Montana,https://www.refdesk.com/mt.html,Yellowstone.net Newspaper,,https://yellowstone.net/newspaper/,False
566,Vermont,https://www.refdesk.com/vt.html,,,https://www.google.com,False
567,Vermont,https://www.refdesk.com/vt.html,Search Tips/Tricks,,https://support.google.com/websearch,False
570,Vermont,https://www.refdesk.com/vt.html,State Information,,https://www.infoplease.com/us/states/vermont,False
571,Vermont,https://www.refdesk.com/vt.html,Addison County Independent,,https://addisonindependent.com/,False
572,Vermont,https://www.refdesk.com/vt.html,Barton Chronicle,,https://bartonchronicle.com/,False
573,Vermont,https://www.refdesk.com/vt.html,"Bennington Banner, The",,https://www.benningtonbanner.com/,False
574,Vermont,https://www.refdesk.com/vt.html,"Brattleboro Reformer, The",,https://www.reformer.com/,False
575,Vermont,https://www.refdesk.com/vt.html,"Burlington Free Press, The",,https://www.burlingtonfreepress.com/,False
576,Vermont,https://www.refdesk.com/vt.html,"Caledonian-Record, The",,https://www.caledonianrecord.com/,False
577,Vermont,https://www.refdesk.com/vt.html,Deerfield Valley News,,https://www.dvalnews.com/,False
578,Vermont,https://www.refdesk.com/vt.html,Journal Opinion,,https://jonews.com/,False
579,Vermont,https://www.refdesk.com/vt.html,News & Citizen,,https://www.vtcng.com/news_and_citizen/,False
580,Vermont,https://www.refdesk.com/vt.html,Rutland Herald,,https://www.rutlandherald.com/,False
581,Vermont,https://www.refdesk.com/vt.html,Saint Albans Messenger,,https://www.samessenger.com/,False
582,Vermont,https://www.refdesk.com/vt.html,Stowe Reporter,,https://www.vtcng.com/stowe_reporter/,False
583,Vermont,https://www.refdesk.com/vt.html,"Times Argus, The",,https://www.timesargus.com/,False
584,Vermont,https://www.refdesk.com/vt.html,Valley News,,https://www.vnews.com/,False
585,Vermont,https://www.refdesk.com/vt.html,"Valley Reporter, The",,https://www.valleyreporter.com/,False
586,Vermont,https://www.refdesk.com/vt.html,Vermont Life,,https://www.vermontvacation.com/vermont-life,False
587,Vermont,https://www.refdesk.com/vt.html,Vermont Sports,,https://vtsports.com/,False
588,Vermont,https://www.refdesk.com/vt.html,"World, The",,https://www.vt-world.com/,False
601,Hawaii,https://www.refdesk.com/hi.html,,,https://www.google.com,False
602,Hawaii,https://www.refdesk.com/hi.html,Search Tips/Tricks,,https://support.google.com/websearch,False
605,Hawaii,https://www.refdesk.com/hi.html,State Information,,https://www.infoplease.com/us/states/hawaii,False
606,Hawaii,https://www.refdesk.com/hi.html,"Garden Island, The",,https://www.thegardenisland.com/,False
607,Hawaii,https://www.refdesk.com/hi.html,Hawaii Free Press,,http://www.hawaiifreepress.com,False
608,Hawaii,https://www.refdesk.com/hi.html,Hawaii Reporter,,http://www.hawaiireporter.com/,False
609,Hawaii,https://www.refdesk.com/hi.html,Hawaii Telegraph,,https://www.hawaiitelegraph.com/,False
610,Hawaii,https://www.refdesk.com/hi.html,Hawaii Tribune-Herald,,https://www.hawaiitribune-herald.com/,False
611,Hawaii,https://www.refdesk.com/hi.html,Hawaii Star,,https://www.hawaiistar.com/,False
612,Hawaii,https://www.refdesk.com/hi.html,Honolulu Civil Beat,,https://www.civilbeat.org/,False
613,Hawaii,https://www.refdesk.com/hi.html,Honolulu Star Advertiser,,https://www.staradvertiser.com/,False
614,Hawaii,https://www.refdesk.com/hi.html,Maui News,,https://www.mauinews.com/,False
615,Hawaii,https://www.refdesk.com/hi.html,MidWeek Magazine,,https://www.midweek.com,False
616,Hawaii,https://www.refdesk.com/hi.html,"Molokai Dispatch, The",,https://themolokaidispatch.com/,False
617,Hawaii,https://www.refdesk.com/hi.html,Star Advertiser,,https://www.staradvertiser.com/,False
618,Hawaii,https://www.refdesk.com/hi.html,West Hawaii Today,,https://www.westhawaiitoday.com/,False
631,Arkansas,https://www.refdesk.com/ar.html,,,https://www.google.com,False
632,Arkansas,https://www.refdesk.com/ar.html,Search Tips/Tricks,,https://support.google.com/websearch,False
635,Arkansas,https://www.refdesk.com/ar.html,State Information,,https://www.infoplease.com/us/states/arkansas,False
636,Arkansas,https://www.refdesk.com/ar.html,AreaWideNews,,https://www.areawidenews.com/,False
637,Arkansas,https://www.refdesk.com/ar.html,Arkansas Democrat-Gazette,,https://www.arkansasonline.com/,False
638,Arkansas,https://www.refdesk.com/ar.html,Arkansas Times,,https://arktimes.com/,False
639,Arkansas,https://www.refdesk.com/ar.html,"Banner-News, The",,https://www.magnoliabannernews.com/,False
640,Arkansas,https://www.refdesk.com/ar.html,Batesville Guard,,https://www.guardonline.com/,False
641,Arkansas,https://www.refdesk.com/ar.html,Baxter Bulletin,,https://www.baxterbulletin.com/,False
642,Arkansas,https://www.refdesk.com/ar.html,"Beebe News, The",,https://beebenews.com/,False
643,Arkansas,https://www.refdesk.com/ar.html,"Saline Courier, The",,https://www.bentoncourier.com/,False
644,Arkansas,https://www.refdesk.com/ar.html,Bryant Daily,,http://www.bryantdaily.com/,False
645,Arkansas,https://www.refdesk.com/ar.html,"Courier, The",,https://www.couriernews.com/,False
646,Arkansas,https://www.refdesk.com/ar.html,"Daily Citizen, The",,https://www.thedailycitizen.com/,False
647,Arkansas,https://www.refdesk.com/ar.html,"Daily World, The",,https://www.helenaworld.org/,False
648,Arkansas,https://www.refdesk.com/ar.html,De Queen Daily Citizen,,https://www.dequeenbee.com/,False
649,Arkansas,https://www.refdesk.com/ar.html,DeWitt Era-Enterprise,,https://www.dewitt-ee.com/,False
650,Arkansas,https://www.refdesk.com/ar.html,Fayetteville Free Weekly,,https://freeweekly.com/,False
651,Arkansas,https://www.refdesk.com/ar.html,Harrison Daily Times,,https://harrisondaily.com/,False
652,Arkansas,https://www.refdesk.com/ar.html,Hope Star,,https://www.hsvvoice.com/,False
653,Arkansas,https://www.refdesk.com/ar.html,"Johnson County Graphic, The",,https://www.thegraphic.org/,False
654,Arkansas,https://www.refdesk.com/ar.html,"Jonesboro Sun, The",,https://www.jonesborosun.com/,False
655,Arkansas,https://www.refdesk.com/ar.html,Lafayette County Press,,http://www.lafayettecountypress.com/,False
656,Arkansas,https://www.refdesk.com/ar.html,Log Cabin Democrat,,https://www.thecabin.net/,False
657,Arkansas,https://www.refdesk.com/ar.html,Malvern Daily Record,,https://www.malvern-online.com/,False
658,Arkansas,https://www.refdesk.com/ar.html,Newport Daily Independent,,https://www.jonesborosun.com/newport/,False
659,Arkansas,https://www.refdesk.com/ar.html,North Little Rock Times,,https://www.arkansasonline.com/news/pb/news/,False
660,Arkansas,https://www.refdesk.com/ar.html,Paragould Daily Press,,https://www.paragoulddailypress.com/,False
661,Arkansas,https://www.refdesk.com/ar.html,Paris Express,,https://www.paris-express.com/,False
662,Arkansas,https://www.refdesk.com/ar.html,Petit Jean Country Headlight,,https://www.headlightnews.com/,False
663,Arkansas,https://www.refdesk.com/ar.html,Pine Bluff Commercial,,https://www.arkansasonline.com/news/pb/news/,False
664,Arkansas,https://www.refdesk.com/ar.html,"Sentinel-Record, The",,https://www.hotsr.com/,False
665,Arkansas,https://www.refdesk.com/ar.html,Siftings Herald,,https://www.hsvvoice.com/,False
666,Arkansas,https://www.refdesk.com/ar.html,Sherwood Voice,,https://www.arkansasonline.com/news/pb/news/,False
667,Arkansas,https://www.refdesk.com/ar.html,"Stuttgart Daily Leader, The",,https://www.stuttgartdailyleader.com/,False
668,Arkansas,https://www.refdesk.com/ar.html,"Sun-Times, The",,https://www.thesuntimes.com/,False
669,Arkansas,https://www.refdesk.com/ar.html,Texarkana Gazette,,https://www.texarkanagazette.com/,False
670,Arkansas,https://www.refdesk.com/ar.html,Times-Herald,,https://thnews.com/,False
671,Arkansas,https://www.refdesk.com/ar.html,"Times Record, The",,https://www.swtimes.com/,False
672,Arkansas,https://www.refdesk.com/ar.html,Van Buren Press Argus-Courier,,https://www.pressargus.com/,False
673,Arkansas,https://www.refdesk.com/ar.html,Village Voice,,https://www.hsvvoice.com/,False
674,Arkansas,https://www.refdesk.com/ar.html,"Weekly Vista, The",,https://bvwv.nwaonline.com/,False
687,Oregon,https://www.refdesk.com/or.html,,,https://www.google.com,False
688,Oregon,https://www.refdesk.com/or.html,Search Tips/Tricks,,https://support.google.com/websearch,False
691,Oregon,https://www.refdesk.com/or.html,State Information,,https://www.infoplease.com/us/states/oregon,False
692,Oregon,https://www.refdesk.com/or.html,Albany Democrat-Herald,,https://democratherald.com/,False
693,Oregon,https://www.refdesk.com/or.html,Argus Observer,,https://www.argusobserver.com/,False
694,Oregon,https://www.refdesk.com/or.html,"Ashland Daily Tidings, The",,https://www.ashlandtidings.com/,False
695,Oregon,https://www.refdesk.com/or.html,Baker City Herald,,https://www.bakercityherald.com/,False
696,Oregon,https://www.refdesk.com/or.html,Blue Mountain Eagle,,https://www.bluemountaineagle.com/,False
697,Oregon,https://www.refdesk.com/or.html,"Bulletin Online, The",,https://www.bendbulletin.com/,False
698,Oregon,https://www.refdesk.com/or.html,Burns Times Herald,,https://btimesherald.com/,False
699,Oregon,https://www.refdesk.com/or.html,Business Journal of Portland,,https://www.bizjournals.com/portland/,False
700,Oregon,https://www.refdesk.com/or.html,Cannon Beach Gazette,,https://www.cannonbeachgazette.com/,False
701,Oregon,https://www.refdesk.com/or.html,Cascade Business News,,https://cascadebusnews.com/,False
702,Oregon,https://www.refdesk.com/or.html,Clatskanie Chief,,https://www.clatskaniechiefnews.com/,False
703,Oregon,https://www.refdesk.com/or.html,Corvallis Gazette-Times,,https://www.gazettetimes.com/,False
704,Oregon,https://www.refdesk.com/or.html,Cottage Grove Sentinel,,https://cgsentinel.com/,False
705,Oregon,https://www.refdesk.com/or.html,Curry Coast Pilot,,https://www.currypilot.com/,False
706,Oregon,https://www.refdesk.com/or.html,Curry County Reporter,,https://www.currycountyreporter.com/,False
707,Oregon,https://www.refdesk.com/or.html,"Daily Astorian, The",,https://www.dailyastorian.com/,False
708,Oregon,https://www.refdesk.com/or.html,Dalles Chronicle,,https://www.columbiagorgenews.com/,False
709,Oregon,https://www.refdesk.com/or.html,"East Oregonian, The",,https://www.eastoregonian.com/,False
710,Oregon,https://www.refdesk.com/or.html,Eugene Weekly,,https://eugeneweekly.com/,False
711,Oregon,https://www.refdesk.com/or.html,Gresham Outlook,,https://pamplinmedia.com/gresham-outlook-home/,False
712,Oregon,https://www.refdesk.com/or.html,Headlight-Herald,,https://www.tillamookheadlightherald.com/,False
713,Oregon,https://www.refdesk.com/or.html,Herald and News,,https://www.heraldandnews.com/,False
714,Oregon,https://www.refdesk.com/or.html,Hood River News,,https://www.columbiagorgenews.com/,False
715,Oregon,https://www.refdesk.com/or.html,Keizertimes,,https://www.keizertimes.com/,False
716,Oregon,https://www.refdesk.com/or.html,Lake County Examiner,,https://www.lakecountyexam.com/,False
717,Oregon,https://www.refdesk.com/or.html,Lebanon Express,,https://lebanon-express.com/,False
718,Oregon,https://www.refdesk.com/or.html,Madras Pioneer,,https://pamplinmedia.com/madras-pioneer-home/,False
719,Oregon,https://www.refdesk.com/or.html,"Newberg Graphic, The",,https://pamplinmedia.com/newberg-graphic-home,False
720,Oregon,https://www.refdesk.com/or.html,Newport News-Times,,https://www.newportnewstimes.com/,False
721,Oregon,https://www.refdesk.com/or.html,"News Guard, The",,https://www.thenewsguard.com/,False
722,Oregon,https://www.refdesk.com/or.html,News-Times,,https://www.newportnewstimes.com/,False
723,Oregon,https://www.refdesk.com/or.html,News-Register,,https://newsregister.com/,False
724,Oregon,https://www.refdesk.com/or.html,"News-Review, The",,https://www.nrtoday.com/,False
725,Oregon,https://www.refdesk.com/or.html,"Nugget Newspaper, The",,https://nuggetnews.com/,False
726,Oregon,https://www.refdesk.com/or.html,"Observer, The",,https://www.lagrandeobserver.com/,False
727,Oregon,https://www.refdesk.com/or.html,"Oregon Herald, The",,https://www.oregonherald.com/,False
728,Oregon,https://www.refdesk.com/or.html,Oregon Live,,https://www.oregonlive.com/,False
729,Oregon,https://www.refdesk.com/or.html,Oregonian,,https://www.oregonlive.com/,False
730,Oregon,https://www.refdesk.com/or.html,"Register-Guard, The",,https://www.registerguard.com/,False
731,Oregon,https://www.refdesk.com/or.html,"Rogue River Press, The",,http://www.rogueriverpress.com/,False
732,Oregon,https://www.refdesk.com/or.html,Salem News,,http://salem-news.com/,False
733,Oregon,https://www.refdesk.com/or.html,Seaside Signal,,https://www.seasidesignal.com/,False
734,Oregon,https://www.refdesk.com/or.html,Sisters Nugget,,https://nuggetnews.com/,False
735,Oregon,https://www.refdesk.com/or.html,South County Spotlight,,https://pamplinmedia.com/south-county-spotlight-home/,False
736,Oregon,https://www.refdesk.com/or.html,Springfield Times,,http://www.springfieldtimes.net/,False
737,Oregon,https://www.refdesk.com/or.html,"Statesman Journal, The",,https://www.statesmanjournal.com/,False
738,Oregon,https://www.refdesk.com/or.html,Wallowa County Chieftan,,https://www.wallowa.com/,False
739,Oregon,https://www.refdesk.com/or.html,Willamette Week,,https://www.wweek.com/homepage/,False
740,Oregon,https://www.refdesk.com/or.html,Woodburn Independent,,https://pamplinmedia.com/woodburn-independent-home,False
741,Oregon,https://www.refdesk.com/or.html,"World, The",,https://theworldlink.com/,False
754,Massachusetts,https://www.refdesk.com/ma.html,,,https://www.google.com,False
755,Massachusetts,https://www.refdesk.com/ma.html,Search Tips/Tricks,,https://support.google.com/websearch,False
758,Massachusetts,https://www.refdesk.com/ma.html,State Information,,https://www.infoplease.com/us/states/massachusetts,False
759,Massachusetts,https://www.refdesk.com/ma.html,Amesbury Town Online,,https://www.wickedlocal.com/section/findyourtown,False
760,Massachusetts,https://www.refdesk.com/ma.html,Andover Townsman,,https://www.andovertownsman.com/,False
761,Massachusetts,https://www.refdesk.com/ma.html,Arlington Town Online,,https://www.wickedlocal.com/section/findyourtown,False
762,Massachusetts,https://www.refdesk.com/ma.html,Athol Daily News,,https://www.atholdailynews.com/,False
763,Massachusetts,https://www.refdesk.com/ma.html,"Barnstable Patriot, The",,https://www.barnstablepatriot.com/,False
764,Massachusetts,https://www.refdesk.com/ma.html,"Beacon Hill Times, The",,http://www.beaconhilltimes.com/,False
765,Massachusetts,https://www.refdesk.com/ma.html,Belmont Town Online,,https://www.wickedlocal.com/section/findyourtown,False
766,Massachusetts,https://www.refdesk.com/ma.html,"Berkshire Eagle, The",,https://www.berkshireeagle.com/,False
767,Massachusetts,https://www.refdesk.com/ma.html,Beverly Town Online,,https://www.wickedlocal.com/section/findyourtown,False
768,Massachusetts,https://www.refdesk.com/ma.html,Bolton Common,,http://boltoncommon.com/,False
769,Massachusetts,https://www.refdesk.com/ma.html,Boston Business Journal,,https://www.bizjournals.com/boston/,False
770,Massachusetts,https://www.refdesk.com/ma.html,Boston Globe,,https://www.bostonglobe.com/,False
771,Massachusetts,https://www.refdesk.com/ma.html,Boston Herald,,https://www.bostonherald.com/,False
772,Massachusetts,https://www.refdesk.com/ma.html,Boston Online,,https://www.boston.com/,False
773,Massachusetts,https://www.refdesk.com/ma.html,Cape Cod Chronicle,,https://capecodchronicle.com/,False
774,Massachusetts,https://www.refdesk.com/ma.html,Cape Cod Online,,http://www.capecodonline.com/,False
775,Massachusetts,https://www.refdesk.com/ma.html,Christian Science Monitor,,https://www.csmonitor.com/,False
776,Massachusetts,https://www.refdesk.com/ma.html,Daily Hampshire Gazette,,https://www.gazettenet.com/,False
777,Massachusetts,https://www.refdesk.com/ma.html,Daily News,,https://www.newburyportnews.com/,False
778,Massachusetts,https://www.refdesk.com/ma.html,Dorchester Reporter,,https://www.dotnews.com/,False
779,Massachusetts,https://www.refdesk.com/ma.html,Duxbury Clipper,,https://www.duxburyclipper.com/,False
780,Massachusetts,https://www.refdesk.com/ma.html,Eagle Tribune,,https://www.eagletribune.com/,False
781,Massachusetts,https://www.refdesk.com/ma.html,"Enterprise, The",,https://www.enterprisenews.com/,False
782,Massachusetts,https://www.refdesk.com/ma.html,Everett Independent,,http://www.everettindependent.com/,False
783,Massachusetts,https://www.refdesk.com/ma.html,Foxboro Reporter,,https://www.thesunchronicle.com/foxboro_reporter/,False
784,Massachusetts,https://www.refdesk.com/ma.html,Gloucester Daily Times,,https://www.gloucestertimes.com/,False
785,Massachusetts,https://www.refdesk.com/ma.html,Haverhill Gazette,,https://www.hgazette.com/,False
786,Massachusetts,https://www.refdesk.com/ma.html,"Herald News, The",,https://www.heraldnews.com/,False
787,Massachusetts,https://www.refdesk.com/ma.html,"Inquirer and Mirror, The",,https://www.ack.net/,False
788,Massachusetts,https://www.refdesk.com/ma.html,"Jewish Advocate, The",,http://www.neponset.com/jewish_advocate/,False
789,Massachusetts,https://www.refdesk.com/ma.html,"Landmark, The",,https://www.thelandmark.com/,False
790,Massachusetts,https://www.refdesk.com/ma.html,Lowell Sun,,https://www.lowellsun.com/,False
791,Massachusetts,https://www.refdesk.com/ma.html,Martha's Vineyard Times,,https://www.mvtimes.com/,False
792,Massachusetts,https://www.refdesk.com/ma.html,Massachusetts News,,http://www.massnews.com/,False
793,Massachusetts,https://www.refdesk.com/ma.html,MetroWest Daily News,,https://www.metrowestdailynews.com/,False
794,Massachusetts,https://www.refdesk.com/ma.html,North Adams Transcript,,http://www.thetranscript.com/,False
795,Massachusetts,https://www.refdesk.com/ma.html,"Patriot Ledger, The",,https://www.patriotledger.com/,False
796,Massachusetts,https://www.refdesk.com/ma.html,Peabody & Lynnfield Weekly News,,http://www.weeklynews.net/,False
797,Massachusetts,https://www.refdesk.com/ma.html,"Port Planet, The",,http://www.theportplanet.com,False
798,Massachusetts,https://www.refdesk.com/ma.html,Portuguese Times,,https://www.portuguesetimes.com/,False
799,Massachusetts,https://www.refdesk.com/ma.html,Provincetown Banner,,https://www.provincetown.com/,False
800,Massachusetts,https://www.refdesk.com/ma.html,"Recorder, The",,https://www.recorder.com/,False
801,Massachusetts,https://www.refdesk.com/ma.html,"Reminder, The",,https://www.thereminder.com/,False
802,Massachusetts,https://www.refdesk.com/ma.html,Salem Evening News,,https://www.salemnews.com/,False
803,Massachusetts,https://www.refdesk.com/ma.html,Sentinel & Enterprise,,https://www.sentinelandenterprise.com/,False
804,Massachusetts,https://www.refdesk.com/ma.html,"Standard-Times, The",,https://www.southcoasttoday.com/,False
805,Massachusetts,https://www.refdesk.com/ma.html,"Sun Chronicle, The",,https://www.thesunchronicle.com/,False
806,Massachusetts,https://www.refdesk.com/ma.html,Taunton Daily Gazette,,https://www.tauntongazette.com/,False
807,Massachusetts,https://www.refdesk.com/ma.html,Telegram & Gazette,,https://www.telegram.com/,False
808,Massachusetts,https://www.refdesk.com/ma.html,Union-News,,https://www.masslive.com/news/,False
809,Massachusetts,https://www.refdesk.com/ma.html,Valley Advocate,,https://valleyadvocate.com/,False
810,Massachusetts,https://www.refdesk.com/ma.html,Vineyard Gazette,,https://vineyardgazette.com/,False
811,Massachusetts,https://www.refdesk.com/ma.html,Walpole Times,,http://www.walpoletimes.com/,False
812,Massachusetts,https://www.refdesk.com/ma.html,"Wanderer, The",,https://www.wanderer.com/,False
813,Massachusetts,https://www.refdesk.com/ma.html,Wicked Local Plymouth,,http://www.wickedlocal.com/plymouth/,False
814,Massachusetts,https://www.refdesk.com/ma.html,Worcester Business Journal,,https://www.wbjournal.com/,False
827,North Carolina,https://www.refdesk.com/nc.html,,,https://www.google.com,False
828,North Carolina,https://www.refdesk.com/nc.html,Search Tips/Tricks,,https://support.google.com/websearch,False
831,North Carolina,https://www.refdesk.com/nc.html,State Information,,https://www.infoplease.com/us/states/north-carolina,False
832,North Carolina,https://www.refdesk.com/nc.html,Asheville Citizen-Times,,https://www.citizen-times.com/,False
833,North Carolina,https://www.refdesk.com/nc.html,Brunswick Beacon,,https://www.brunswickbeacon.com/,False
834,North Carolina,https://www.refdesk.com/nc.html,"Business Journal of Charlotte, The",,https://www.bizjournals.com/charlotte/,False
835,North Carolina,https://www.refdesk.com/nc.html,Business Journal of Triad,,https://www.bizjournals.com/triad/,False
836,North Carolina,https://www.refdesk.com/nc.html,Carolina Coast Online,,https://www.carolinacoastonline.com/,False
837,North Carolina,https://www.refdesk.com/nc.html,Chapel Hill News,,https://www.newsobserver.com/news/local/community/chapel-hill-news/,False
838,North Carolina,https://www.refdesk.com/nc.html,"Charlotte Observer, The",,https://www.charlotteobserver.com/,False
839,North Carolina,https://www.refdesk.com/nc.html,Chatham Journal,,https://chathamjournal.com/,False
840,North Carolina,https://www.refdesk.com/nc.html,Chronicle Online,,http://www.chronicle.duke.edu/,False
841,North Carolina,https://www.refdesk.com/nc.html,Clayton News-Star,,https://www.newsobserver.com/news/local/community/clayton-news-star/,False
842,North Carolina,https://www.refdesk.com/nc.html,"Courier-Times, The",,http://www.roxboro-courier.com/,False
843,North Carolina,https://www.refdesk.com/nc.html,"Courier-Tribune, The",,https://www.courier-tribune.com/,False
844,North Carolina,https://www.refdesk.com/nc.html,The Daily Dispatch,,https://www.hendersondispatch.com/,False
845,North Carolina,https://www.refdesk.com/nc.html,Daily Herald,,https://www.rrdailyherald.com/,False
846,North Carolina,https://www.refdesk.com/nc.html,"Daily News, The",,https://www.jdnews.com/,False
847,North Carolina,https://www.refdesk.com/nc.html,"Daily Record, The",,https://www.mydailyrecord.com/,False
848,North Carolina,https://www.refdesk.com/nc.html,"Daily Reflector, The",,https://www.reflector.com/,False
849,North Carolina,https://www.refdesk.com/nc.html,"Durham Herald-Sun, The",,https://www.heraldsun.com/,False
850,North Carolina,https://www.refdesk.com/nc.html,Elizabeth City Daily Advance,,https://www.dailyadvance.com/,False
851,North Carolina,https://www.refdesk.com/nc.html,"Express Newspaper, The",,http://www.theexpressnewspaper.com/,False
852,North Carolina,https://www.refdesk.com/nc.html,Fayetteville Observer,,https://www.fayobserver.com/,False
853,North Carolina,https://www.refdesk.com/nc.html,The Franklin Press,,https://www.thefranklinpress.com/,False
854,North Carolina,https://www.refdesk.com/nc.html,"Free Press, The",,https://www.kinston.com/,False
855,North Carolina,https://www.refdesk.com/nc.html,"Gaston Gazette, The",,https://www.gastongazette.com/,False
856,North Carolina,https://www.refdesk.com/nc.html,"Goldsboro News-Argus, The",,https://www.newsargus.com/,False
857,North Carolina,https://www.refdesk.com/nc.html,Havelock News,,https://www.newbernsj.com/havenews/,False
858,North Carolina,https://www.refdesk.com/nc.html,Herald and Ruralite,,http://www.thesylvaherald.com/,False
859,North Carolina,https://www.refdesk.com/nc.html,"Herald-Sun, The",,https://www.heraldsun.com/,False
860,North Carolina,https://www.refdesk.com/nc.html,Hickory Daily Record,,https://hickoryrecord.com/,False
861,North Carolina,https://www.refdesk.com/nc.html,High Point Enterprise,,https://www.hpe.com/us/en/home.html,False
862,North Carolina,https://www.refdesk.com/nc.html,"Highlander, The",,https://www.highlandsnews.com/,False
863,North Carolina,https://www.refdesk.com/nc.html,Independent Tribune,,https://independenttribune.com/,False
864,North Carolina,https://www.refdesk.com/nc.html,Island Gazette,,http://www.islandgazette.net/,False
865,North Carolina,https://www.refdesk.com/nc.html,Jamestown News,,https://www.yesweekly.com/news/jamestown_news/,False
866,North Carolina,https://www.refdesk.com/nc.html,Jefferson Post,,https://www.ashepostandtimes.com/,False
867,North Carolina,https://www.refdesk.com/nc.html,"Laurinburg Exchange, The",,https://www.laurinburgexchange.com/,False
868,North Carolina,https://www.refdesk.com/nc.html,"McDowell News, The",,https://mcdowellnews.com/,False
869,North Carolina,https://www.refdesk.com/nc.html,Mitchell News-Journal,,https://www.mitchellnews.com/,False
870,North Carolina,https://www.refdesk.com/nc.html,"Mount Airy News, The",,https://www.mtairynews.com/,False
871,North Carolina,https://www.refdesk.com/nc.html,"Mount Olive Tribune, The",,https://www.mountolivetribune.com/,False
872,North Carolina,https://www.refdesk.com/nc.html,Mountain Times,,https://www.wataugademocrat.com/mountaintimes/,False
873,North Carolina,https://www.refdesk.com/nc.html,Mountain Xpress,,https://mountainx.com/,False
874,North Carolina,https://www.refdesk.com/nc.html,"Mountaineer, The",,https://www.themountaineer.com/,False
875,North Carolina,https://www.refdesk.com/nc.html,"News-Argus, The",,https://www.newsargus.com/,False
876,North Carolina,https://www.refdesk.com/nc.html,"News Herald, The",,https://morganton.com/,False
877,North Carolina,https://www.refdesk.com/nc.html,News & Observer,,https://www.newsobserver.com/,False
878,North Carolina,https://www.refdesk.com/nc.html,News & Record,,https://greensboro.com/,False
879,North Carolina,https://www.refdesk.com/nc.html,News & Record,,https://greensboro.com/rockingham_now/news/eden_reidsville/,False
880,North Carolina,https://www.refdesk.com/nc.html,Outer Banks Voice,,https://www.outerbanksvoice.com/,False
881,North Carolina,https://www.refdesk.com/nc.html,"Pilot, The",,https://www.thepilot.com/,False
882,North Carolina,https://www.refdesk.com/nc.html,"Record, The",,https://www.therecordofwilkes.com/,False
883,North Carolina,https://www.refdesk.com/nc.html,Rhino Times,,https://www.rhinotimes.com/,False
884,North Carolina,https://www.refdesk.com/nc.html,Roanoke Rapids Daily Herald,,https://www.rrdailyherald.com/,False
885,North Carolina,https://www.refdesk.com/nc.html,Rocky Mount Telegram,,https://www.rockymounttelegram.com/,False
886,North Carolina,https://www.refdesk.com/nc.html,"Robesonian, The",,https://www.robesonian.com/,False
887,North Carolina,https://www.refdesk.com/nc.html,Salisbury Post,,https://www.salisburypost.com/,False
888,North Carolina,https://www.refdesk.com/nc.html,"Sampson Independent, The",,https://www.clintonnc.com/,False
889,North Carolina,https://www.refdesk.com/nc.html,"Sanford Herald, The",,https://www.sanfordherald.com/,False
890,North Carolina,https://www.refdesk.com/nc.html,"Shelby Star, The",,https://www.shelbystar.com/,False
891,North Carolina,https://www.refdesk.com/nc.html,Smoky Mountain News,,https://smokymountainnews.com/,False
892,North Carolina,https://www.refdesk.com/nc.html,Statesville Record & Landmark,,https://statesville.com/,False
893,North Carolina,https://www.refdesk.com/nc.html,"Sun Journal, The",,https://www.newbernsj.com/,False
894,North Carolina,https://www.refdesk.com/nc.html,"Taylorsville Times, The",,https://www.taylorsvilletimes.com/,False
895,North Carolina,https://www.refdesk.com/nc.html,Tideland News,,https://www.carolinacoastonline.com/tideland_news/,False
896,North Carolina,https://www.refdesk.com/nc.html,"Times-News, The",,https://www.thetimesnews.com/,False
897,North Carolina,https://www.refdesk.com/nc.html,Times-News,,https://www.blueridgenow.com/,False
898,North Carolina,https://www.refdesk.com/nc.html,Topsail Voice,,https://wojdylosocialmedia.com/the-topsail-voice-newspaper/,False
899,North Carolina,https://www.refdesk.com/nc.html,"Triangle Business Journal, The",,https://www.bizjournals.com/triangle/index.html,False
900,North Carolina,https://www.refdesk.com/nc.html,"Tribune, The",,https://www.elkintribune.com/,False
901,North Carolina,https://www.refdesk.com/nc.html,Tryon Daily Bulletin,,https://www.tryondailybulletin.com/,False
902,North Carolina,https://www.refdesk.com/nc.html,Up and Coming Magazine,,https://www.upandcomingmag.com/,False
903,North Carolina,https://www.refdesk.com/nc.html,UT Wire,,https://www.ninertimes.com/,False
904,North Carolina,https://www.refdesk.com/nc.html,"Wake Weekly, The",,http://www.wakeweekly.com/,False
905,North Carolina,https://www.refdesk.com/nc.html,Washington Daily News,,https://thewashingtondailynews.com/,False
906,North Carolina,https://www.refdesk.com/nc.html,Watauga Democrat,,https://www.wataugademocrat.com/,False
907,North Carolina,https://www.refdesk.com/nc.html,"Weekly Post, The",,https://www.weeklypostnc.com/,False
908,North Carolina,https://www.refdesk.com/nc.html,"Wilmington Morning Star, The",,https://www.starnewsonline.com/,False
909,North Carolina,https://www.refdesk.com/nc.html,Wilson Daily Times,,https://restorationnewsmedia.com/wilsontimes,False
910,North Carolina,https://www.refdesk.com/nc.html,Winston-Salem JournalNow,,https://journalnow.com/,False
923,Kentucky,https://www.refdesk.com/ky.html,,,https://www.google.com,False
924,Kentucky,https://www.refdesk.com/ky.html,Search Tips/Tricks,,https://support.google.com/websearch,False
927,Kentucky,https://www.refdesk.com/ky.html,State Information,,https://www.infoplease.com/us/states/kentucky,False
928,Kentucky,https://www.refdesk.com/ky.html,"Advocate-Messenger, The",,https://www.amnews.com/,False
929,Kentucky,https://www.refdesk.com/ky.html,Business First of Louisville,,https://www.bizjournals.com/louisville/,False
930,Kentucky,https://www.refdesk.com/ky.html,Central Kentucky News-Journal,,https://www.cknj.com/,False
931,Kentucky,https://www.refdesk.com/ky.html,Clinton County News,,http://clintonnews.net,False
932,Kentucky,https://www.refdesk.com/ky.html,Corbin Times-Tribune,,https://www.thetimestribune.com/,False
933,Kentucky,https://www.refdesk.com/ky.html,"Courier-Journal, The",,https://www.courier-journal.com/,False
934,Kentucky,https://www.refdesk.com/ky.html,"Crittenden Press, The",,https://www.the-press.com/,False
935,Kentucky,https://www.refdesk.com/ky.html,"Daily Independent, The",,https://www.dailyindependent.com/,False
936,Kentucky,https://www.refdesk.com/ky.html,"Daily News, The",,https://www.bgdailynews.com/,False
937,Kentucky,https://www.refdesk.com/ky.html,"Eagle Post, The",,https://www.kentuckynewera.com/ep/,False
938,Kentucky,https://www.refdesk.com/ky.html,Floyd County Times,,https://www.floydct.com/,False
939,Kentucky,https://www.refdesk.com/ky.html,Franklin Favorite,,https://www.franklinfavorite.com/,False
940,Kentucky,https://www.refdesk.com/ky.html,Georgetown News Graphic,,https://www.news-graphic.com/,False
941,Kentucky,https://www.refdesk.com/ky.html,Glasgow Daily Times,,https://www.glasgowdailytimes.com/,False
942,Kentucky,https://www.refdesk.com/ky.html,"Gleaner, The",,https://www.thegleaner.com/,False
943,Kentucky,https://www.refdesk.com/ky.html,Grant County Online,,https://www.grantky.com/,False
944,Kentucky,https://www.refdesk.com/ky.html,Grayson County News Gazette,,https://www.messenger-inquirer.com/grayson_county/,False
945,Kentucky,https://www.refdesk.com/ky.html,Greensburg Record-Herald,,https://www.record-herald.com/,False
946,Kentucky,https://www.refdesk.com/ky.html,"Hancock Clarion, The",,https://www.hancockclarion.com/,False
947,Kentucky,https://www.refdesk.com/ky.html,Harrodsburg Herald,,https://www.harrodsburgherald.com/,False
948,Kentucky,https://www.refdesk.com/ky.html,Henry County Local,,https://www.hclocal.com/,False
949,Kentucky,https://www.refdesk.com/ky.html,Herald Ledger,,https://www.heraldledger.com/,False
950,Kentucky,https://www.refdesk.com/ky.html,"Jessamine Journal, The",,https://www.jessaminejournal.com/,False
951,Kentucky,https://www.refdesk.com/ky.html,"Journal-Enterprise, The",,https://www.journalenterprise.com/,False
952,Kentucky,https://www.refdesk.com/ky.html,Kentucky Kernel,,https://www.kykernel.com/,False
953,Kentucky,https://www.refdesk.com/ky.html,Kentucky New Era,,https://www.kentuckynewera.com/,False
954,Kentucky,https://www.refdesk.com/ky.html,"Kentucky Post, The",,https://www.wcpo.com/news/state/state-kentucky/,False
955,Kentucky,https://www.refdesk.com/ky.html,Kentucky Standard,,https://www.kystandard.com/,False
956,Kentucky,https://www.refdesk.com/ky.html,Lebanon Enterprise,,https://www.lebanonenterprise.com/,False
957,Kentucky,https://www.refdesk.com/ky.html,"Ledger-Independent, The",,https://maysville-online.com/,False
958,Kentucky,https://www.refdesk.com/ky.html,Lexington Herald-Leader Paywall Notice: This site can no longer be freely accessed. A subscription is required.,,https://www.kentucky.com,False
959,Kentucky,https://www.refdesk.com/ky.html,"Louisville Cardinal, The",,https://www.louisvillecardinal.com/,False
960,Kentucky,https://www.refdesk.com/ky.html,"Messenger, The",,https://www.the-messenger.com/,False
961,Kentucky,https://www.refdesk.com/ky.html,Messenger Inquirer,,https://www.messenger-inquirer.com/,False
962,Kentucky,https://www.refdesk.com/ky.html,Morehead News,,https://www.dailyindependent.com/morehead/,False
963,Kentucky,https://www.refdesk.com/ky.html,Mountain Advocate,,https://www.nolangroupmedia.com/mountain_advocate/,False
964,Kentucky,https://www.refdesk.com/ky.html,"Murray Ledger & Times, The",,https://www.murrayledger.com/,False
965,Kentucky,https://www.refdesk.com/ky.html,News Democrat & Leader,,https://www.franklinfavorite.com/russellville/,False
966,Kentucky,https://www.refdesk.com/ky.html,News Enterprise,,https://www.thenewsenterprise.com/,False
967,Kentucky,https://www.refdesk.com/ky.html,"Oldham Era, The",,https://www.oldhamera.com/,False
968,Kentucky,https://www.refdesk.com/ky.html,"Paducah Sun, The",,https://www.paducahsun.com/,False
969,Kentucky,https://www.refdesk.com/ky.html,"Paintsville Herald, The",,https://www.paintsvilleherald.com/,False
970,Kentucky,https://www.refdesk.com/ky.html,Richmond Register,,https://www.richmondregister.com/,False
971,Kentucky,https://www.refdesk.com/ky.html,Sentinel-Echo,,https://www.sentinel-echo.com/,False
972,Kentucky,https://www.refdesk.com/ky.html,Sentinel-News,,https://www.sentinelnews.com/,False
973,Kentucky,https://www.refdesk.com/ky.html,"State-Journal, The",,https://www.state-journal.com/,False
974,Kentucky,https://www.refdesk.com/ky.html,Tribune Courier,,https://www.tribunecourier.com/,False
975,Kentucky,https://www.refdesk.com/ky.html,"Voice-Tribune, The",,https://voice-tribune.com/,False
976,Kentucky,https://www.refdesk.com/ky.html,"Winchester Sun, The",,https://www.winchestersun.com/,False
989,Minnesota,https://www.refdesk.com/mn.html,,,https://www.google.com,False
990,Minnesota,https://www.refdesk.com/mn.html,Search Tips/Tricks,,https://support.google.com/websearch,False
993,Minnesota,https://www.refdesk.com/mn.html,State Information,,https://www.infoplease.com/us/states/minnesota,False
994,Minnesota,https://www.refdesk.com/mn.html,Advocate-Tribune,,https://www.granitefallsnews.com/,False
995,Minnesota,https://www.refdesk.com/mn.html,Albany Enterprise,,https://star-pub.com/,False
996,Minnesota,https://www.refdesk.com/mn.html,Albert Lea Tribune,,https://www.albertleatribune.com/,False
997,Minnesota,https://www.refdesk.com/mn.html,Anoka County Union,,https://www.hometownsource.com/abc_newspapers/,False
998,Minnesota,https://www.refdesk.com/mn.html,Austin Daily Herald,,https://www.austindailyherald.com/,False
999,Minnesota,https://www.refdesk.com/mn.html,Bemidji Pioneer,,https://www.bemidjipioneer.com,False
1000,Minnesota,https://www.refdesk.com/mn.html,Blaine Life,,https://www.hometownsource.com/abc_newspapers/,False
1001,Minnesota,https://www.refdesk.com/mn.html,Bring Me The News,,https://bringmethenews.com,False
1002,Minnesota,https://www.refdesk.com/mn.html,"Brainerd Daily Dispatch, The",,https://www.brainerddispatch.com/,False
1003,Minnesota,https://www.refdesk.com/mn.html,"Caledonia Argus, The",,https://www.hometownsource.com/caledonia/,False
1004,Minnesota,https://www.refdesk.com/mn.html,Cannon Falls Beacon,,https://www.cannonfallsbeacon.com/,False
1005,Minnesota,https://www.refdesk.com/mn.html,Chanhassen Villager,,https://www.swnewsmedia.com/chanhassen_villager/?utm_source=paper&utm_medium=chanvillager.com&utm_campaign=chanvillager.com,False
1006,Minnesota,https://www.refdesk.com/mn.html,Chaska Herald,,https://www.swnewsmedia.com/chaska_herald/?utm_source=paper&utm_medium=chaskaherald.com&utm_campaign=chaskaherald.com,False
1007,Minnesota,https://www.refdesk.com/mn.html,City Pages,Archived,https://web.archive.org/web/*/http://www.citypages.com/,False
1008,Minnesota,https://www.refdesk.com/mn.html,Clearwater Tribune,,http://www.westsherburnetribune.com/,False
1009,Minnesota,https://www.refdesk.com/mn.html,Cook County Star,,https://cookcountystar.com/,False
1010,Minnesota,https://www.refdesk.com/mn.html,Coon Rapids Herald,,https://www.hometownsource.com/abc_newspapers/,False
1011,Minnesota,https://www.refdesk.com/mn.html,Cottonwood County Citizen,,https://windomnews.com/,False
1012,Minnesota,https://www.refdesk.com/mn.html,Crookston Daily Times,,https://www.crookstontimes.com/,False
1013,Minnesota,https://www.refdesk.com/mn.html,County Bulletin,,https://www.rivertowns.net/,False
1014,Minnesota,https://www.refdesk.com/mn.html,County News,,https://www.hometownsource.com/county_news_review/,False
1015,Minnesota,https://www.refdesk.com/mn.html,Daily Globe,,https://www.dglobe.com/,False
1016,Minnesota,https://www.refdesk.com/mn.html,Daily Journal,,https://www.fergusfallsjournal.com/,False
1017,Minnesota,https://www.refdesk.com/mn.html,"Daily Tribune, The",,https://www.mesabitribune.com/,False
1018,Minnesota,https://www.refdesk.com/mn.html,"Detroit Lakes Tribune, The",,https://www.dl-online.com/,False
1019,Minnesota,https://www.refdesk.com/mn.html,"Drummer, The",,http://www.thedrummer.com/,False
1020,Minnesota,https://www.refdesk.com/mn.html,Duluth News Tribune,,https://www.duluthnewstribune.com/,False
1021,Minnesota,https://www.refdesk.com/mn.html,Edina Community Corner,,https://patch.com/minnesota/edina/around-town,False
1022,Minnesota,https://www.refdesk.com/mn.html,Echo Press,,https://www.echopress.com/,False
1023,Minnesota,https://www.refdesk.com/mn.html,ECM Post Review,,https://www.hometownsource.com/county_news_review/,False
1024,Minnesota,https://www.refdesk.com/mn.html,Eden Prarie Local News,,https://www.eplocalnews.org/,False
1025,Minnesota,https://www.refdesk.com/mn.html,Edina Sun Current,,https://www.hometownsource.com/sun_current/,False
1026,Minnesota,https://www.refdesk.com/mn.html,Elk River Star News,,https://www.hometownsource.com/elk_river_star_news/,False
1027,Minnesota,https://www.refdesk.com/mn.html,Ely Echo,,https://www.elyecho.com/,False
1028,Minnesota,https://www.refdesk.com/mn.html,Faribault Daily News,,https://www.southernminn.com/faribault_daily_news/,False
1029,Minnesota,https://www.refdesk.com/mn.html,Finance and Commerce,,https://finance-commerce.com/,False
1030,Minnesota,https://www.refdesk.com/mn.html,Forest Lake Times,,https://www.hometownsource.com/forest_lake_times/,False
1031,Minnesota,https://www.refdesk.com/mn.html,Frazee Forum,,https://frazeeforum.com/,False
1032,Minnesota,https://www.refdesk.com/mn.html,"Free Press, The",,https://www.mankatofreepress.com/,False
1033,Minnesota,https://www.refdesk.com/mn.html,Grant County Herald,,https://grantcountyherald.com/,False
1034,Minnesota,https://www.refdesk.com/mn.html,Grand Forks Herald,,https://www.grandforksherald.com/,False
1035,Minnesota,https://www.refdesk.com/mn.html,Headlight Herald,,https://headlightherald.com,False
1036,Minnesota,https://www.refdesk.com/mn.html,Herald Review,,https://www.grandrapidsmn.com/,False
1037,Minnesota,https://www.refdesk.com/mn.html,Hibbing Daily Tribune,,https://www.mesabitribune.com/,False
1038,Minnesota,https://www.refdesk.com/mn.html,Houston County News,,https://www.winonadailynews.com/community/houstonconews/,False
1039,Minnesota,https://www.refdesk.com/mn.html,Howard Lake Herald,,http://www.herald-journal.com/,False
1040,Minnesota,https://www.refdesk.com/mn.html,Hugonian,,https://www.hugonian.com/,False
1041,Minnesota,https://www.refdesk.com/mn.html,Hutchinson Leader,,https://www.crowrivermedia.com/hutchinsonleader/,False
1042,Minnesota,https://www.refdesk.com/mn.html,Independent,,https://www.marshallindependent.com/,False
1043,Minnesota,https://www.refdesk.com/mn.html,Independent News Herald,,https://www.inhnews.com/,False
1044,Minnesota,https://www.refdesk.com/mn.html,Ivanhoe Times,,http://ivanhoetimes.freeservers.com/,False
1045,Minnesota,https://www.refdesk.com/mn.html,Jordan Independent,,https://www.swnewsmedia.com/jordan_independent/?utm_source=paper&utm_medium=jordannews.com&utm_campaign=jordannews.com,False
1046,Minnesota,https://www.refdesk.com/mn.html,Kanabec Times,,https://www.moraminn.com/,False
1047,Minnesota,https://www.refdesk.com/mn.html,Kittson County Enterprise,,https://www.kittsonarea.com/,False
1048,Minnesota,https://www.refdesk.com/mn.html,Lake Benton News Online,,http://www.thelakebentonnews.com/,False
1049,Minnesota,https://www.refdesk.com/mn.html,Lake County News-Chronicle,,http://www.twoharborsmn.com/,False
1050,Minnesota,https://www.refdesk.com/mn.html,Lakeshore Weekly News,,https://www.swnewsmedia.com/lakeshore_weekly/?utm_source=paper&utm_medium=weeklynews.com&utm_campaign=weeklynews.com,False
1051,Minnesota,https://www.refdesk.com/mn.html,Larson Publications Newspapers,,https://www.hometownsource.com/press_and_news/,False
1052,Minnesota,https://www.refdesk.com/mn.html,Long Prairie Leader,,http://www.lpleader.com/,False
1053,Minnesota,https://www.refdesk.com/mn.html,McLeod County Chronicle,,http://www.glencoenews.com/,False
1054,Minnesota,https://www.refdesk.com/mn.html,Melrose Beacon,,https://star-pub.com/,False
1055,Minnesota,https://www.refdesk.com/mn.html,Mesabi Daily News,,https://www.mesabitribune.com/,False
1056,Minnesota,https://www.refdesk.com/mn.html,Mille Lacs County Times,,https://www.hometownsource.com/union_times/,False
1057,Minnesota,https://www.refdesk.com/mn.html,Minneapolis-St. Paul CityBusiness,,https://www.bizjournals.com/twincities/,False
1058,Minnesota,https://www.refdesk.com/mn.html,"Minnesota Daily, The",,https://mndaily.com/,False
1059,Minnesota,https://www.refdesk.com/mn.html,Minnesota Sun Publications,,https://www.hometownsource.com/sun_current/,False
1060,Minnesota,https://www.refdesk.com/mn.html,Minnesota Women's Press,,https://www.womenspress.com/,False
1061,Minnesota,https://www.refdesk.com/mn.html,Montevideo American News,,https://www.montenews.com/,False
1062,Minnesota,https://www.refdesk.com/mn.html,Morrison County Record,,https://www.hometownsource.com/morrison_county_record/,False
1063,Minnesota,https://www.refdesk.com/mn.html,Mountain Lake Observer,,https://www.mtlakenews.com/,False
1064,Minnesota,https://www.refdesk.com/mn.html,Murray County News,,http://www.murraycountynews.net/,False
1065,Minnesota,https://www.refdesk.com/mn.html,MyNortheaster.com,,https://www.mynortheaster.com/,False
1066,Minnesota,https://www.refdesk.com/mn.html,New Prague Times,,http://www.newpraguetimes.com/,False
1067,Minnesota,https://www.refdesk.com/mn.html,New Ulm Journal,,https://www.nujournal.com/,False
1068,Minnesota,https://www.refdesk.com/mn.html,News-Record,,https://www.zumbrota.com/,False
1069,Minnesota,https://www.refdesk.com/mn.html,Northfield News Online,,https://northfield.org/,False
1070,Minnesota,https://www.refdesk.com/mn.html,Owatonna People's Press,,https://www.southernminn.com/owatonna_peoples_press/,False
1071,Minnesota,https://www.refdesk.com/mn.html,Park Rapids Enterprise,,https://www.parkrapidsenterprise.com/,False
1072,Minnesota,https://www.refdesk.com/mn.html,Paynesville News,,https://www.paynesvillearea.com/,False
1073,Minnesota,https://www.refdesk.com/mn.html,"Pilot-Independent, The",,https://www.walkermn.com/,False
1074,Minnesota,https://www.refdesk.com/mn.html,Pine City Pioneer,,https://www.pinecountynews.com/,False
1075,Minnesota,https://www.refdesk.com/mn.html,Pine River Journal,,https://www.pineandlakes.com/,False
1076,Minnesota,https://www.refdesk.com/mn.html,Pope County Tribune,,https://pctribune.com/,False
1077,Minnesota,https://www.refdesk.com/mn.html,Post-Bulletin Online,,https://www.postbulletin.com/,False
1078,Minnesota,https://www.refdesk.com/mn.html,Princeton Union-Times,,https://www.hometownsource.com/union_times/,False
1079,Minnesota,https://www.refdesk.com/mn.html,Prior Lake American,,https://www.swnewsmedia.com/prior_lake_american/?utm_source=paper&utm_medium=plamerican.com&utm_campaign=plamerican.com,False
1080,Minnesota,https://www.refdesk.com/mn.html,Republican Eagle,,https://www.rivertowns.net/,False
1081,Minnesota,https://www.refdesk.com/mn.html,Rock County Star Herald,,http://www.star-herald.com/,False
1082,Minnesota,https://www.refdesk.com/mn.html,Saint Cloud Times,,https://www.sctimes.com/,False
1083,Minnesota,https://www.refdesk.com/mn.html,Saint James Plaindealer,,https://www.stjamesnews.com/,False
1084,Minnesota,https://www.refdesk.com/mn.html,Saint Paul Pioneer Press,,https://www.twincities.com/,False
1085,Minnesota,https://www.refdesk.com/mn.html,Sauk Centre Herald,,https://star-pub.com/,False
1086,Minnesota,https://www.refdesk.com/mn.html,Savage Pacer,,https://www.swnewsmedia.com/savage_pacer/?utm_source=paper&utm_medium=savagepacer.com&utm_campaign=savagepacer.com,False
1087,Minnesota,https://www.refdesk.com/mn.html,Sentinel,,https://www.fairmontsentinel.com/,False
1088,Minnesota,https://www.refdesk.com/mn.html,Shakopee Valley News,,https://www.swnewsmedia.com/shakopee_valley_news/?utm_source=paper&utm_medium=shakopeenews.com&utm_campaign=shakopeenews.com,False
1089,Minnesota,https://www.refdesk.com/mn.html,Southside Pride,,https://southsidepride.com/,False
1090,Minnesota,https://www.refdesk.com/mn.html,Southwest News Media,,https://www.swnewsmedia.com,False
1091,Minnesota,https://www.refdesk.com/mn.html,Southwest Connector,,https://www.swconnector.com,False
1092,Minnesota,https://www.refdesk.com/mn.html,Spring Valley Tribune,,http://www.hometown-pages.com/,False
1093,Minnesota,https://www.refdesk.com/mn.html,"Star, The",,https://www.pipestonestar.com,False
1094,Minnesota,https://www.refdesk.com/mn.html,Star Gazette,,https://www.rivertowns.net/,False
1095,Minnesota,https://www.refdesk.com/mn.html,Star Tribune,,https://www.startribune.com/,False
1096,Minnesota,https://www.refdesk.com/mn.html,Swift County Monitor,,http://www.swiftcountymonitor.com/,False
1097,Minnesota,https://www.refdesk.com/mn.html,"Thief River Falls Times, The",,https://trftimes.com/,False
1098,Minnesota,https://www.refdesk.com/mn.html,This Week Newspapers,,http://www.thisweek-online.com/,False
1099,Minnesota,https://www.refdesk.com/mn.html,"Timberjay, The",,https://www.timberjay.com/,False
1100,Minnesota,https://www.refdesk.com/mn.html,Tyler Tribute Online,,http://www.tylertribute.com/,False
1101,Minnesota,https://www.refdesk.com/mn.html,Twin Cities Business,,https://www.bizjournals.com/twincities/,False
1102,Minnesota,https://www.refdesk.com/mn.html,Victoria Gazette,,https://www.victoriagazette.com/,False
1103,Minnesota,https://www.refdesk.com/mn.html,Waconia Patriot,,https://www.hometownsource.com/sun_patriot/,False
1104,Minnesota,https://www.refdesk.com/mn.html,Wadena Pioneer Journal,,https://www.wadenapj.com/,False
1105,Minnesota,https://www.refdesk.com/mn.html,West Central Tribune,,https://www.wctrib.com/,False
1106,Minnesota,https://www.refdesk.com/mn.html,Winona Post,,https://www.winonapost.com/,False
1107,Minnesota,https://www.refdesk.com/mn.html,Winsted-Lester Prairie Journal,,http://www.herald-journal.com/,False
1108,Minnesota,https://www.refdesk.com/mn.html,Woodbury Bulletin,,https://www.rivertowns.net/,False
1121,Indiana,https://www.refdesk.com/in.html,,,https://www.google.com,False
1122,Indiana,https://www.refdesk.com/in.html,Search Tips/Tricks,,https://support.google.com/websearch,False
1125,Indiana,https://www.refdesk.com/in.html,State Information,,https://www.infoplease.com/us/states/indiana,False
1126,Indiana,https://www.refdesk.com/in.html,Banner-Graphic,,https://www.bannergraphic.com/,False
1127,Indiana,https://www.refdesk.com/in.html,"Brown County Democrat, The",,http://www.bcdemocrat.com/,False
1128,Indiana,https://www.refdesk.com/in.html,Chronicle-Tribune,,https://www.chronicle-tribune.com/,False
1129,Indiana,https://www.refdesk.com/in.html,Chesterton Tribune,,https://chestertontribune.com/,False
1130,Indiana,https://www.refdesk.com/in.html,Commercial Review,,https://thecr.com/,False
1131,Indiana,https://www.refdesk.com/in.html,"Corydon Democrat, The",,https://www.corydondemocrat.com/,False
1132,Indiana,https://www.refdesk.com/in.html,"Courier-Times, The",,https://www.thecouriertimes.com/,False
1133,Indiana,https://www.refdesk.com/in.html,Crown Point Star,,http://www.crownpoint.net/star_newspaper.htm,False
1134,Indiana,https://www.refdesk.com/in.html,Daily Journal of Johnson County,,http://dailyjournal.net,False
1135,Indiana,https://www.refdesk.com/in.html,Decatur Daily Democrat,,https://www.decaturdailydemocrat.com/,False
1136,Indiana,https://www.refdesk.com/in.html,"Elkhart Truth, The",,https://www.elkharttruth.com/,False
1137,Indiana,https://www.refdesk.com/in.html,Evansville Courier,,https://www.courierpress.com/,False
1138,Indiana,https://www.refdesk.com/in.html,"Evening Star, The",,https://www.kpcnews.com/,False
1139,Indiana,https://www.refdesk.com/in.html,Frankfort Times,,https://www.ftimes.com/,False
1140,Indiana,https://www.refdesk.com/in.html,"Goshen News, The",,https://www.goshennews.com/,False
1141,Indiana,https://www.refdesk.com/in.html,"Herald Bulletin, The",,https://www.heraldbulletin.com/,False
1142,Indiana,https://www.refdesk.com/in.html,"Hartford City News-Times, The",,https://www.hartfordcitynewstimes.com/,False
1143,Indiana,https://www.refdesk.com/in.html,"Herald Journal, The",,https://www.newsbug.info/monticello_herald_journal/,False
1144,Indiana,https://www.refdesk.com/in.html,"Hoosier Times, The",,https://www.hoosiertimes.com/,False
1145,Indiana,https://www.refdesk.com/in.html,"Huntington Herald-Press, The",,https://www.h-ponline.com/,False
1146,Indiana,https://www.refdesk.com/in.html,Indianapolis Recorder,,https://indianapolisrecorder.com/,False
1147,Indiana,https://www.refdesk.com/in.html,Indianapolis Star,,https://www.usatoday.com,False
1148,Indiana,https://www.refdesk.com/in.html,Journal and Courier,,https://www.jconline.com/,False
1149,Indiana,https://www.refdesk.com/in.html,"Journal Gazette, The",,https://www.journalgazette.net/,False
1150,Indiana,https://www.refdesk.com/in.html,Journal Review,,https://www.journalreview.com/,False
1151,Indiana,https://www.refdesk.com/in.html,Kokomo Tribune,,https://www.kokomotribune.com/,False
1152,Indiana,https://www.refdesk.com/in.html,"La Porte Herald-Argus, The",,https://www.lpheralddispatch.com/,False
1153,Indiana,https://www.refdesk.com/in.html,"Lebanon Reporter, The",,https://www.reporter.net/,False
1154,Indiana,https://www.refdesk.com/in.html,"Muncie Star Press, The",,https://www.thestarpress.com/,False
1155,Indiana,https://www.refdesk.com/in.html,News-Sentinel.com,,https://www.news-sentinel.com/,False
1156,Indiana,https://www.refdesk.com/in.html,News-Banner,,https://news-banner.com/,False
1157,Indiana,https://www.refdesk.com/in.html,"News Dispatch, The",,https://www.lpheralddispatch.com/,False
1158,Indiana,https://www.refdesk.com/in.html,News-Sun & Evening Star,,https://www.kpcnews.com/,False
1159,Indiana,https://www.refdesk.com/in.html,Northwest Indiana Times,,https://www.nwitimes.com/,False
1160,Indiana,https://www.refdesk.com/in.html,"Peru Tribune, The",,https://www.perutribune.com/,False
1161,Indiana,https://www.refdesk.com/in.html,Pharos-Tribune,,https://www.pharostribune.com/,False
1162,Indiana,https://www.refdesk.com/in.html,Pilot News,,https://www.thepilotnews.com/,False
1163,Indiana,https://www.refdesk.com/in.html,"Post & Mail, The",,https://www.thepostandmail.com/,False
1164,Indiana,https://www.refdesk.com/in.html,Post-Tribune,,https://www.chicagotribune.com/suburbs/post-tribune/,False
1165,Indiana,https://www.refdesk.com/in.html,Princeton Daily Clarion,,https://www.pdclarion.com/,False
1166,Indiana,https://www.refdesk.com/in.html,Purdue Exponent,,https://www.purdueexponent.org/,False
1167,Indiana,https://www.refdesk.com/in.html,"Republic, The",,http://www.therepublic.com/,False
1168,Indiana,https://www.refdesk.com/in.html,"Rochester Sentinel, The",,https://www.rochsent.com/,False
1169,Indiana,https://www.refdesk.com/in.html,"Shelbyville News, The",,https://www.shelbynews.com/,False
1170,Indiana,https://www.refdesk.com/in.html,South Bend Tribune,,https://www.southbendtribune.com/,False
1171,Indiana,https://www.refdesk.com/in.html,The Paper of Montgomery County,,https://thepaper24-7.com/,False
1172,Indiana,https://www.refdesk.com/in.html,"Times-Mail, The",,https://www.hoosiertimes.com/tmnews/,False
1173,Indiana,https://www.refdesk.com/in.html,Tribune Star,,https://www.tribstar.com/,False
1174,Indiana,https://www.refdesk.com/in.html,Times Sentinel,,https://www.reporter.net/zionsville/,False
1175,Indiana,https://www.refdesk.com/in.html,Wabash Plain Dealer,,https://www.wabashplaindealer.com/,False
1176,Indiana,https://www.refdesk.com/in.html,"Waynedale News, The",,https://waynedalenews.com/,False
1189,Kansas,https://www.refdesk.com/ks.html,,,https://www.google.com,False
1190,Kansas,https://www.refdesk.com/ks.html,Search Tips/Tricks,,https://support.google.com/websearch,False
1193,Kansas,https://www.refdesk.com/ks.html,State Information,,https://www.infoplease.com/us/states/kansas,False
1194,Kansas,https://www.refdesk.com/ks.html,Ark Valley News,,http://www.arkvalleynews.com/,False
1195,Kansas,https://www.refdesk.com/ks.html,Atchison Daily Globe,,http://www.atchisondailyglobe.com/,False
1196,Kansas,https://www.refdesk.com/ks.html,Augusta Daily Gazette,,https://www.butlercountytimesgazette.com/,False
1197,Kansas,https://www.refdesk.com/ks.html,Baldwin City Signal,,http://signal.baldwincity.com/,False
1198,Kansas,https://www.refdesk.com/ks.html,"Bulletin Online, The",,http://esubulletin.com/,False
1199,Kansas,https://www.refdesk.com/ks.html,"Chanute Tribune, The",,https://www.chanute.com/,False
1200,Kansas,https://www.refdesk.com/ks.html,Clay Center Dispatch,,https://www.ccenterdispatch.com/,False
1201,Kansas,https://www.refdesk.com/ks.html,"Daily Union, The",,http://www.dailyu.com/,False
1202,Kansas,https://www.refdesk.com/ks.html,Dodge City Daily Globe,,https://www.dodgeglobe.com/,False
1203,Kansas,https://www.refdesk.com/ks.html,El Dorado Times,,https://www.butlercountytimesgazette.com/,False
1204,Kansas,https://www.refdesk.com/ks.html,"Emporia Gazette, The",,https://www.emporiagazette.com/,False
1205,Kansas,https://www.refdesk.com/ks.html,Eudora News,,http://www.eudoranews.com/,False
1206,Kansas,https://www.refdesk.com/ks.html,"Garden City Telegram, The",,https://www.gctelegram.com/,False
1207,Kansas,https://www.refdesk.com/ks.html,Great Bend Tribune,,https://www.gbtribune.com/,False
1208,Kansas,https://www.refdesk.com/ks.html,"Hays Daily News, The",,https://www.hdnews.net/,False
1209,Kansas,https://www.refdesk.com/ks.html,High Plains Journal,,https://www.hpj.com/,False
1210,Kansas,https://www.refdesk.com/ks.html,Hillsboro Free Press,,https://www.hillsborofreepress.com/,False
1211,Kansas,https://www.refdesk.com/ks.html,Hillsboro Star Journal,,http://www.starj.com,False
1212,Kansas,https://www.refdesk.com/ks.html,Holton Recorder,,https://www.holtonrecorder.net/,False
1213,Kansas,https://www.refdesk.com/ks.html,"Hutchinson News, The",,https://www.hutchnews.com/,False
1214,Kansas,https://www.refdesk.com/ks.html,Iola Register,,https://www.iolaregister.com/,False
1215,Kansas,https://www.refdesk.com/ks.html,Kansas City Star,,https://www.kansascity.com/,False
1216,Kansas,https://www.refdesk.com/ks.html,Lawrence Journal-World,,https://www2.ljworld.com/,False
1217,Kansas,https://www.refdesk.com/ks.html,Liberal Leader & Times,,https://liberalfirst.com/,False
1218,Kansas,https://www.refdesk.com/ks.html,"Leavenworth Times, The",,https://www.leavenworthtimes.com/,False
1219,Kansas,https://www.refdesk.com/ks.html,McPherson Sentinel,,https://www.mcphersonsentinel.com/,False
1220,Kansas,https://www.refdesk.com/ks.html,"Manhattan Mercury, The",,https://themercury.com/,False
1221,Kansas,https://www.refdesk.com/ks.html,Marion County Record,,http://www.marionrecord.com/,False
1222,Kansas,https://www.refdesk.com/ks.html,"Marysville Advocate, The",,https://www.marysvilleonline.net/,False
1223,Kansas,https://www.refdesk.com/ks.html,"Mirror, The",,http://www.tonganoxiemirror.com/,False
1224,Kansas,https://www.refdesk.com/ks.html,"Morning Sun, The",,https://www.morningsun.net/,False
1225,Kansas,https://www.refdesk.com/ks.html,"Newton Kansan, The",,https://www.thekansan.com/,False
1226,Kansas,https://www.refdesk.com/ks.html,"Olathe Daily News, The",,https://www.kansascity.com/news/local/community/joco-913/,False
1227,Kansas,https://www.refdesk.com/ks.html,"Ottawa Herald, The",,https://www.ottawaherald.com/,False
1228,Kansas,https://www.refdesk.com/ks.html,Parsons Sun Online,,https://www.parsonssun.com/,False
1229,Kansas,https://www.refdesk.com/ks.html,Peabody Gazette-Bulletin,,http://peabodykansas.com/,False
1230,Kansas,https://www.refdesk.com/ks.html,Pratt Tribune,,https://www.pratttribune.com/,False
1231,Kansas,https://www.refdesk.com/ks.html,"Record, The",,http://www.recordnews.com/,False
1232,Kansas,https://www.refdesk.com/ks.html,Salina Journal,,https://www.saljournal.com/,False
1233,Kansas,https://www.refdesk.com/ks.html,"Times-Sentinel, The",,http://www.tsnews.com/,False
1234,Kansas,https://www.refdesk.com/ks.html,"Topeka Capital-Journal, The",,https://www.cjonline.com/,False
1235,Kansas,https://www.refdesk.com/ks.html,Wellington Daily News,,https://www.wellingtondailynews.com/,False
1236,Kansas,https://www.refdesk.com/ks.html,Wichita Business Journal,,https://www.bizjournals.com/wichita/,False
1237,Kansas,https://www.refdesk.com/ks.html,"Wichita Eagle, The",,https://www.kansas.com/,False
1238,Kansas,https://www.refdesk.com/ks.html,Winfield Daily Courier,,https://www.ctnewsonline.com/,False
1239,Kansas,https://www.refdesk.com/ks.html,"University Daily Kansan, The",,https://www.kansan.com/,False
1252,Missouri,https://www.refdesk.com/mo.html,,,https://www.google.com,False
1253,Missouri,https://www.refdesk.com/mo.html,Search Tips/Tricks,,https://support.google.com/websearch,False
1256,Missouri,https://www.refdesk.com/mo.html,State Information,,https://www.infoplease.com/us/states/missouri,False
1257,Missouri,https://www.refdesk.com/mo.html,Bolivar Herald-Free Press,,https://bolivarmonews.com/,False
1258,Missouri,https://www.refdesk.com/mo.html,Boonville Daily News,,https://www.boonvilledailynews.com/,False
1259,Missouri,https://www.refdesk.com/mo.html,Branson Tri-Lakes Daily News,,https://www.bransontrilakesnews.com/,False
1260,Missouri,https://www.refdesk.com/mo.html,Buffalo Reflex,,https://buffaloreflex.com/,False
1261,Missouri,https://www.refdesk.com/mo.html,Carthage News Online,,https://carthagenewsonline.com/,False
1262,Missouri,https://www.refdesk.com/mo.html,Chronicle-Herald,,https://maconhomepress.com/,False
1263,Missouri,https://www.refdesk.com/mo.html,Columbia Daily Tribune,,https://www.columbiatribune.com/,False
1264,Missouri,https://www.refdesk.com/mo.html,"Columbia Missourian, The",,https://www.columbiamissourian.com/,False
1265,Missouri,https://www.refdesk.com/mo.html,Constitution-Tribune,,https://www.chillicothenews.com/,False
1266,Missouri,https://www.refdesk.com/mo.html,Cuba Free Press,,https://www.threeriverspublishing.com/TRP3/,False
1267,Missouri,https://www.refdesk.com/mo.html,Daily American Republic,,https://www.darnews.com/,False
1268,Missouri,https://www.refdesk.com/mo.html,"Daily Dunklin Democrat, The",,https://www.dddnews.com/,False
1269,Missouri,https://www.refdesk.com/mo.html,Daily Journal,,https://dailyjournalonline.com/,False
1270,Missouri,https://www.refdesk.com/mo.html,Daily Statesman,,https://www.dexterstatesman.com/,False
1271,Missouri,https://www.refdesk.com/mo.html,"Examiner, The",,https://www.examiner.net/,False
1272,Missouri,https://www.refdesk.com/mo.html,Fayette Advertiser and Democrat Leader,,https://www.fayettenewspapers.com/,False
1273,Missouri,https://www.refdesk.com/mo.html,Fulton Sun,,https://www.fultonsun.com/,False
1274,Missouri,https://www.refdesk.com/mo.html,"Gazette Weekly, The",,https://www.gazetteweekly.com/,False
1275,Missouri,https://www.refdesk.com/mo.html,Jefferson City News Tribune,,https://www.newstribune.com/,False
1276,Missouri,https://www.refdesk.com/mo.html,"Joplin Globe, The",,https://www.joplinglobe.com/,False
1277,Missouri,https://www.refdesk.com/mo.html,Kansas City Business Journal,,https://www.bizjournals.com/kansascity/,False
1278,Missouri,https://www.refdesk.com/mo.html,Kansas City Star,,https://www.kansascity.com/,False
1279,Missouri,https://www.refdesk.com/mo.html,Kirksville Daily Express & News,,https://www.kirksvilledailyexpress.com/,False
1280,Missouri,https://www.refdesk.com/mo.html,Lebanon Daily Record,,https://www.laclederecord.com/,False
1281,Missouri,https://www.refdesk.com/mo.html,Lee's Summit Journal,,https://www.kansascity.com/news/local/community/lsjournal/,False
1282,Missouri,https://www.refdesk.com/mo.html,Linn County Leader,,https://www.linncountyleader.com/,False
1283,Missouri,https://www.refdesk.com/mo.html,Macon Chronicle-Herald,,https://maconhomepress.com,False
1284,Missouri,https://www.refdesk.com/mo.html,Marshfield Mail,,https://marshfieldmail.com/,False
1285,Missouri,https://www.refdesk.com/mo.html,"Marshall Democrat-News, The",,https://www.marshallnews.com/,False
1286,Missouri,https://www.refdesk.com/mo.html,Maryville Daily Forum,,https://www.maryvilleforum.com/,False
1287,Missouri,https://www.refdesk.com/mo.html,McDonald County Press,,https://mdcp.nwaonline.com/,False
1288,Missouri,https://www.refdesk.com/mo.html,Mexico Ledger,,https://mexicoledger.com/,False
1289,Missouri,https://www.refdesk.com/mo.html,"Missourian, The",,https://www.emissourian.com/,False
1290,Missouri,https://www.refdesk.com/mo.html,Moberly Monitor-Index,,https://www.moberlymonitor.com/,False
1291,Missouri,https://www.refdesk.com/mo.html,Monett Times,,https://www.monett-times.com/,False
1292,Missouri,https://www.refdesk.com/mo.html,Neosho Daily News,,https://www.neoshodailynews.com/,False
1293,Missouri,https://www.refdesk.com/mo.html,"Nevada Daily Mail, The",,https://www.nevadadailymail.com/,False
1294,Missouri,https://www.refdesk.com/mo.html,Ozark County Times,,http://www.ozarkcountytimes.com/,False
1295,Missouri,https://www.refdesk.com/mo.html,PitchWeekly,,https://pitch.com/,False
1296,Missouri,https://www.refdesk.com/mo.html,Republic-Monitor,,https://republicmonitor.com,False
1297,Missouri,https://www.refdesk.com/mo.html,Republican-Clipper,,https://www.bethanyclipper.com/,False
1298,Missouri,https://www.refdesk.com/mo.html,Riverfront Times,,https://www.riverfronttimes.com/,False
1299,Missouri,https://www.refdesk.com/mo.html,Rolla Daily News,,https://www.therolladailynews.com/,False
1300,Missouri,https://www.refdesk.com/mo.html,"Sedalia Democrat, The",,https://www.sedaliademocrat.com/,False
1301,Missouri,https://www.refdesk.com/mo.html,Southeast Missourian,,https://www.semissourian.com/,False
1302,Missouri,https://www.refdesk.com/mo.html,Springfield News-Leader,,https://www.news-leader.com/,False
1303,Missouri,https://www.refdesk.com/mo.html,St. Joseph News-Express,,https://www.newspressnow.com/,False
1304,Missouri,https://www.refdesk.com/mo.html,St. Louis Business Journal,,https://www.bizjournals.com/stlouis/index.html,False
1305,Missouri,https://www.refdesk.com/mo.html,St. Louis Post-Dispatch,,https://www.stltoday.com/,False
1306,Missouri,https://www.refdesk.com/mo.html,Standard Democrat,,https://standard-democrat.com/,False
1307,Missouri,https://www.refdesk.com/mo.html,Star-Herald,,https://www.kansascity.com/news/local/community/cass-county-demo/,False
1308,Missouri,https://www.refdesk.com/mo.html,Steelville Star - Crawford Mirror,,https://www.threeriverspublishing.com/TRP3/index.php?option=com_content&view=category&layout=blog&id=26,False
1309,Missouri,https://www.refdesk.com/mo.html,Times Newspapers,,https://www.timesnewspapers.com/,False
1310,Missouri,https://www.refdesk.com/mo.html,Warrensburg - digitalBURG.com,,https://www.digitalburg.com/,False
1311,Missouri,https://www.refdesk.com/mo.html,Wayne County Journal-Banner,,https://www.waynecojournalbanner.com/,False
1324,Oklahoma,https://www.refdesk.com/ok.html,,,https://www.google.com,False
1325,Oklahoma,https://www.refdesk.com/ok.html,Search Tips/Tricks,,https://support.google.com/websearch,False
1328,Oklahoma,https://www.refdesk.com/ok.html,State Information,,https://www.infoplease.com/us/states/oklahoma,False
1329,Oklahoma,https://www.refdesk.com/ok.html,Ada News,,https://www.theadanews.com/,False
1330,Oklahoma,https://www.refdesk.com/ok.html,Altus Times,,https://www.altustimes.com/,False
1331,Oklahoma,https://www.refdesk.com/ok.html,Chickasha Daily Express,,https://www.chickashanews.com/,False
1332,Oklahoma,https://www.refdesk.com/ok.html,Claremore Daily Progress,,https://www.claremoreprogress.com/,False
1333,Oklahoma,https://www.refdesk.com/ok.html,Clinton Daily News,,https://www.clintondailynews.com/,False
1334,Oklahoma,https://www.refdesk.com/ok.html,Cordell Beacon,,https://www.cordellbeacon.com/,False
1335,Oklahoma,https://www.refdesk.com/ok.html,"Daily Ardmoreite, The",,https://www.ardmoreite.com/,False
1336,Oklahoma,https://www.refdesk.com/ok.html,"Daily Progress, The",,https://www.claremoreprogress.com/,False
1337,Oklahoma,https://www.refdesk.com/ok.html,"Duncan Banner, The",,https://www.duncanbanner.com/,False
1338,Oklahoma,https://www.refdesk.com/ok.html,Edmond Evening Sun,,https://www.normantranscript.com/edmond/,False
1339,Oklahoma,https://www.refdesk.com/ok.html,El Reno Tribune,,https://www.elrenotribune.com/,False
1340,Oklahoma,https://www.refdesk.com/ok.html,Enid News and Eagle,,https://www.enidnews.com/,False
1341,Oklahoma,https://www.refdesk.com/ok.html,Examiner Enterprise,,https://www.examiner-enterprise.com/,False
1342,Oklahoma,https://www.refdesk.com/ok.html,Greater Tulsa Reporter Newspapers,,https://gtrnews.com/,False
1343,Oklahoma,https://www.refdesk.com/ok.html,Hugo Daily News,,https://www.hugonews.com/,False
1344,Oklahoma,https://www.refdesk.com/ok.html,"Journal Record, The",,https://journalrecord.com/,False
1345,Oklahoma,https://www.refdesk.com/ok.html,The Kingfisher Times & Free Press,,https://www.kingfisherpress.net/,False
1346,Oklahoma,https://www.refdesk.com/ok.html,Lawton Constitution,,https://www.swoknews.com/,False
1347,Oklahoma,https://www.refdesk.com/ok.html,McAlester News-Capital & Democrat,,https://www.mcalesternews.com/,False
1348,Oklahoma,https://www.refdesk.com/ok.html,Miami News-Record,,https://www.reidnewspapers.com/,False
1349,Oklahoma,https://www.refdesk.com/ok.html,Muskogee Phoenix,,https://www.muskogeephoenix.com/,False
1350,Oklahoma,https://www.refdesk.com/ok.html,Mustang News,,https://www.theyukonreview.com/mustang-news/,False
1351,Oklahoma,https://www.refdesk.com/ok.html,Newkirk Herald Journal,,https://www.newkirkherald.com/,False
1352,Oklahoma,https://www.refdesk.com/ok.html,"News Press, The",,https://www.stwnewspress.com/,False
1353,Oklahoma,https://www.refdesk.com/ok.html,News-Capital & Democrat,,https://www.mcalesternews.com/,False
1354,Oklahoma,https://www.refdesk.com/ok.html,"Norman Transcript, The",,https://www.normantranscript.com/,False
1355,Oklahoma,https://www.refdesk.com/ok.html,Oklahoma Gazette,,https://www.okgazette.com/,False
1356,Oklahoma,https://www.refdesk.com/ok.html,"Oklahoman Online, The",,https://www.oklahoman.com/,False
1357,Oklahoma,https://www.refdesk.com/ok.html,Ponca City News,,https://www.poncacitynews.com/,False
1358,Oklahoma,https://www.refdesk.com/ok.html,Progress Online,,https://www.claremoreprogress.com/,False
1359,Oklahoma,https://www.refdesk.com/ok.html,Purcell Register,,http://www.purcellregister.com/,False
1360,Oklahoma,https://www.refdesk.com/ok.html,"Seminole Producer, The",,https://www.seminoleproducer.com/,False
1361,Oklahoma,https://www.refdesk.com/ok.html,"Shawnee News-Star, The",,https://www.news-star.com/,False
1362,Oklahoma,https://www.refdesk.com/ok.html,Stillwater News-Press,,https://www.stwnewspress.com/,False
1363,Oklahoma,https://www.refdesk.com/ok.html,Sulphur Times-Democrat,,https://www.sulphurtimes.com/,False
1364,Oklahoma,https://www.refdesk.com/ok.html,Tulsa Today,,https://www.tulsatoday.com/,False
1365,Oklahoma,https://www.refdesk.com/ok.html,Tulsa World Online,,https://tulsaworld.com/,False
1366,Oklahoma,https://www.refdesk.com/ok.html,Weatherford Daily News,,https://www.wdnonline.com/,False
1379,Colorado,https://www.refdesk.com/co.html,,,https://www.google.com,False
1380,Colorado,https://www.refdesk.com/co.html,Search Tips/Tricks,,https://support.google.com/websearch,False
1383,Colorado,https://www.refdesk.com/co.html,State Information,,https://www.infoplease.com/us/states/colorado,False
1384,Colorado,https://www.refdesk.com/co.html,Aspen Daily News,,https://www.aspendailynews.com/,False
1385,Colorado,https://www.refdesk.com/co.html,"Aspen Times, The",,https://www.aspentimes.com/,False
1386,Colorado,https://www.refdesk.com/co.html,Aurora Sentinel,,https://sentinelcolorado.com/,False
1387,Colorado,https://www.refdesk.com/co.html,Boulder County Business Report,,https://bizwest.com/,False
1388,Colorado,https://www.refdesk.com/co.html,Boulder Weekly,,https://www.boulderweekly.com/,False
1389,Colorado,https://www.refdesk.com/co.html,Broomfield Enterprise,,https://www.dailycamera.com/2013/08/17/broomfield-15th-in-job-growth-in-money-magazines-poll/,False
1390,Colorado,https://www.refdesk.com/co.html,Business Journal,,https://www.csbj.com/,False
1391,Colorado,https://www.refdesk.com/co.html,Colorado Daily,,https://www.coloradodaily.com/,False
1392,Colorado,https://www.refdesk.com/co.html,The Coloradoan,,https://www.coloradoan.com/,False
1393,Colorado,https://www.refdesk.com/co.html,"Cortez Journal, The",,https://the-journal.com/,False
1394,Colorado,https://www.refdesk.com/co.html,Craig Daily Press,,https://www.craigdailypress.com/,False
1395,Colorado,https://www.refdesk.com/co.html,Crested Butte Weekly,,http://www.crestedbuttenews.com/index.php?option=com_frontpage&Itemid=1,False
1396,Colorado,https://www.refdesk.com/co.html,"Crestone Eagle, The",,https://crestoneeagle.com/,False
1397,Colorado,https://www.refdesk.com/co.html,"Daily Camera, The",,https://www.dailycamera.com/,False
1398,Colorado,https://www.refdesk.com/co.html,Daily Record,,https://www.canoncitydailyrecord.com/,False
1399,Colorado,https://www.refdesk.com/co.html,"Daily Sentinel, The",,https://www.gjsentinel.com/,False
1400,Colorado,https://www.refdesk.com/co.html,Daily Times,,https://www.longmontfyi.com/,False
1401,Colorado,https://www.refdesk.com/co.html,Delta County Independent,,https://www.deltacountyindependent.com/,False
1402,Colorado,https://www.refdesk.com/co.html,Denver Business Journal,,https://www.bizjournals.com/denver/,False
1403,Colorado,https://www.refdesk.com/co.html,Denver Post,,https://www.denverpost.com/,False
1404,Colorado,https://www.refdesk.com/co.html,Durango Herald Online,,https://durangoherald.com/,False
1405,Colorado,https://www.refdesk.com/co.html,Estes Park Trail-Gazette,,https://www.eptrail.com/,False
1406,Colorado,https://www.refdesk.com/co.html,Fort Morgan Times,,https://www.fortmorgantimes.com/,False
1407,Colorado,https://www.refdesk.com/co.html,"Gazette, The",,https://gazette.com/,False
1408,Colorado,https://www.refdesk.com/co.html,Greeley Tribune,,https://www.greeleytribune.com/,False
1409,Colorado,https://www.refdesk.com/co.html,Gunnison Country Times,,https://www.gunnisontimes.com/,False
1410,Colorado,https://www.refdesk.com/co.html,Haxtun-Fleming Herald,,https://www.hfherald.com/,False
1411,Colorado,https://www.refdesk.com/co.html,High Country News,,https://www.hcn.org/,False
1412,Colorado,https://www.refdesk.com/co.html,Independent,,https://www.csindy.com/,False
1413,Colorado,https://www.refdesk.com/co.html,Kiowa County Press,,https://kiowacountypress.net/,False
1414,Colorado,https://www.refdesk.com/co.html,La Junta Tribune-Democrat,,https://www.lajuntatribunedemocrat.com/,False
1415,Colorado,https://www.refdesk.com/co.html,"Lamar Daily News, The",,https://www.lamarledger.com/,False
1416,Colorado,https://www.refdesk.com/co.html,Leadville Herald Democrat,,https://www.leadvilleherald.com/,False
1417,Colorado,https://www.refdesk.com/co.html,Loveland Daily Reporter-Herald,,https://lovelandfyi.com/maintenance.php,False
1418,Colorado,https://www.refdesk.com/co.html,Mineral County Miner,,https://mineralcountyminer.com/,False
1419,Colorado,https://www.refdesk.com/co.html,Monte Vista Journal,,https://montevistajournal.com/,False
1420,Colorado,https://www.refdesk.com/co.html,Montrose Daily Press,,https://www.montrosepress.com/,False
1421,Colorado,https://www.refdesk.com/co.html,Mountain Mail,,https://www.themountainmail.com/,False
1422,Colorado,https://www.refdesk.com/co.html,North Forty News,,https://northfortynews.com/,False
1423,Colorado,https://www.refdesk.com/co.html,Pagosa Springs Sun,,http://www.pagosasun.com/,False
1424,Colorado,https://www.refdesk.com/co.html,Park County Republican and Fairplay Flume,,https://www.theflume.com/,False
1425,Colorado,https://www.refdesk.com/co.html,Peaks News Net,,http://www.peaksnewsnet.com/,False
1426,Colorado,https://www.refdesk.com/co.html,Pine River Times,,https://durangoherald.com/pine-river-times,False
1427,Colorado,https://www.refdesk.com/co.html,Post-Dispatch,,https://centerpostdispatch.com/,False
1428,Colorado,https://www.refdesk.com/co.html,"Pueblo Chieftain, The",,https://www.chieftain.com/,False
1429,Colorado,https://www.refdesk.com/co.html,Steamboat Pilot,,https://www.steamboatpilot.com/,False
1430,Colorado,https://www.refdesk.com/co.html,"Summit Daily News, The",,https://www.summitdaily.com/,False
1431,Colorado,https://www.refdesk.com/co.html,Telluride Daily Planet,,https://suitehotelnewyork.com/telluridegateway/,False
1432,Colorado,https://www.refdesk.com/co.html,Telluride Watch,,http://www.telluridewatch.com/,False
1433,Colorado,https://www.refdesk.com/co.html,Vail Daily,,https://www.vaildaily.com/,False
1434,Colorado,https://www.refdesk.com/co.html,Valley Courier,,https://alamosanews.com/,False
1435,Colorado,https://www.refdesk.com/co.html,Westword,,https://www.westword.com/,False
1448,Maine,https://www.refdesk.com/me.html,,,https://www.google.com,False
1449,Maine,https://www.refdesk.com/me.html,Search Tips/Tricks,,https://support.google.com/websearch,False
1452,Maine,https://www.refdesk.com/me.html,State Information,,https://www.infoplease.com/us/states/maine,False
1453,Maine,https://www.refdesk.com/me.html,Advertiser Democrat,,https://www.sunjournal.com/weeklies/advertiser-democrat/,False
1454,Maine,https://www.refdesk.com/me.html,Bangor Daily News,,https://bangordailynews.com/,False
1455,Maine,https://www.refdesk.com/me.html,Boothbay Register,,https://www.boothbayregister.com/,False
1456,Maine,https://www.refdesk.com/me.html,"Daily Me, The",,http://www.thedailyme.com/,False
1457,Maine,https://www.refdesk.com/me.html,Ellsworth American,,https://www.ellsworthamerican.com/,False
1458,Maine,https://www.refdesk.com/me.html,"Free Press, The",,https://freepressonline.com/,False
1459,Maine,https://www.refdesk.com/me.html,Journal Tribune,,https://www.pressherald.com/journal-tribune/,False
1460,Maine,https://www.refdesk.com/me.html,"Kennebec Journal, The",,https://www.centralmaine.com/,False
1461,Maine,https://www.refdesk.com/me.html,"Morning Sentinel, The",,https://www.centralmaine.com,False
1462,Maine,https://www.refdesk.com/me.html,Portland Press Herald and Maine Sunday Telegram,,https://www.pressherald.com/,False
1463,Maine,https://www.refdesk.com/me.html,Rumford Falls Times,,https://www.sunjournal.com/weeklies/rumford-falls-times/,False
1464,Maine,https://www.refdesk.com/me.html,Sun Journal,,https://www.sunjournal.com/,False
1465,Maine,https://www.refdesk.com/me.html,"Times Record, The",,https://www.pressherald.com/times-record/,False
1466,Maine,https://www.refdesk.com/me.html,York Weekly,,https://www.seacoastonline.com/york-weekly/,False
1479,Pennsylvania,https://www.refdesk.com/pa.html,,,https://www.google.com,False
1480,Pennsylvania,https://www.refdesk.com/pa.html,Search Tips/Tricks,,https://support.google.com/websearch,False
1483,Pennsylvania,https://www.refdesk.com/pa.html,State Information,,https://www.infoplease.com/us/states/pennsylvania,False
1484,Pennsylvania,https://www.refdesk.com/pa.html,Altoona Mirror,,https://www.altoonamirror.com/,False
1485,Pennsylvania,https://www.refdesk.com/pa.html,Beaver County Times,,https://www.timesonline.com/,False
1486,Pennsylvania,https://www.refdesk.com/pa.html,"Bradford Era, The",,https://www.bradfordera.com/,False
1487,Pennsylvania,https://www.refdesk.com/pa.html,Buck County Courier Times,,https://www.buckscountycouriertimes.com/,False
1488,Pennsylvania,https://www.refdesk.com/pa.html,Butler Eagle,,http://www.butlereagle.com/,False
1489,Pennsylvania,https://www.refdesk.com/pa.html,Centre Daily Times,,https://www.centredaily.com/,False
1490,Pennsylvania,https://www.refdesk.com/pa.html,Chester County Press,,https://www.chestercounty.com/,False
1491,Pennsylvania,https://www.refdesk.com/pa.html,Citizen's Standard,,https://citizenstandard.com/,False
1492,Pennsylvania,https://www.refdesk.com/pa.html,"Citizens' Voice, The",,https://www.citizensvoice.com/,False
1493,Pennsylvania,https://www.refdesk.com/pa.html,"Clarion, The",,https://www.theclarionnews.com/,False
1494,Pennsylvania,https://www.refdesk.com/pa.html,Coraopolis Record,,http://www.coraopolisrecord.com/,False
1495,Pennsylvania,https://www.refdesk.com/pa.html,Courier-Express,,https://www.thecourierexpress.com,False
1496,Pennsylvania,https://www.refdesk.com/pa.html,Daily American,,https://www.dailyamerican.com/,False
1497,Pennsylvania,https://www.refdesk.com/pa.html,Daily Courier,,https://www.dailycourier.com/,False
1498,Pennsylvania,https://www.refdesk.com/pa.html,"Daily Item, The",,https://www.dailyitem.com/,False
1499,Pennsylvania,https://www.refdesk.com/pa.html,Daily Local News,,https://www.dailylocal.com/,False
1500,Pennsylvania,https://www.refdesk.com/pa.html,"Daily News, The",,https://triblive.com/ccpa/,False
1501,Pennsylvania,https://www.refdesk.com/pa.html,"Daily Review, The",,https://www.thedailyreview.com/,False
1502,Pennsylvania,https://www.refdesk.com/pa.html,"Delaware County Times, The",,https://www.delcotimes.com/,False
1503,Pennsylvania,https://www.refdesk.com/pa.html,"Derrick, The",,https://www.thederrick.com/,False
1504,Pennsylvania,https://www.refdesk.com/pa.html,Ellwood City Ledger,,https://www.ellwoodcityledger.com/,False
1505,Pennsylvania,https://www.refdesk.com/pa.html,"Erie Times-News, The",,https://www.goerie.com/,False
1506,Pennsylvania,https://www.refdesk.com/pa.html,"Evening Sun, The",,https://www.eveningsun.com/,False
1507,Pennsylvania,https://www.refdesk.com/pa.html,Explore Clarion County,,https://www.exploreclarion.com/,False
1508,Pennsylvania,https://www.refdesk.com/pa.html,Explore Venango County,,https://explorevenango.com/,False
1509,Pennsylvania,https://www.refdesk.com/pa.html,"Express, The",,https://www.lockhaven.com/,False
1510,Pennsylvania,https://www.refdesk.com/pa.html,"Express-Times, The",,https://www.lehighvalleylive.com,False
1511,Pennsylvania,https://www.refdesk.com/pa.html,"Fulton County News, The",,https://www.fultoncountynews.com/,False
1512,Pennsylvania,https://www.refdesk.com/pa.html,Gettysburg Times,,https://www.gettysburgtimes.com/,False
1513,Pennsylvania,https://www.refdesk.com/pa.html,Green County Messenger,,https://www.heraldstandard.com/gcm/,False
1514,Pennsylvania,https://www.refdesk.com/pa.html,Harrisburg Patriot-News,,https://www.pennlive.com/,False
1515,Pennsylvania,https://www.refdesk.com/pa.html,"Herald, The",,https://www.sharonherald.com/,False
1516,Pennsylvania,https://www.refdesk.com/pa.html,Herald-Standard,,https://www.heraldstandard.com/,False
1517,Pennsylvania,https://www.refdesk.com/pa.html,"Indiana Gazette, The",,https://www.indianagazette.com/,False
1518,Pennsylvania,https://www.refdesk.com/pa.html,"Intelligencer, The",,https://www.theintell.com/,False
1519,Pennsylvania,https://www.refdesk.com/pa.html,Lancaster Online,,https://lancasteronline.com/,False
1520,Pennsylvania,https://www.refdesk.com/pa.html,Leader Times,,https://www.leadertimes.com/,False
1521,Pennsylvania,https://www.refdesk.com/pa.html,Lebanon Daily News,,https://www.ldnews.com/,False
1522,Pennsylvania,https://www.refdesk.com/pa.html,Main Line Suburban Life,,https://www.mainlinemedianews.com/mainlinesuburbanlife/,False
1523,Pennsylvania,https://www.refdesk.com/pa.html,Main Line Times,,https://www.mainlinemedianews.com/mainlinetimes/,False
1524,Pennsylvania,https://www.refdesk.com/pa.html,"Meadville Tribune, The",,https://www.meadvilletribune.com/,False
1525,Pennsylvania,https://www.refdesk.com/pa.html,"Mercury, The",,https://www.pottsmerc.com/,False
1526,Pennsylvania,https://www.refdesk.com/pa.html,"Morning Call, The",,https://www.mcall.com/,False
1527,Pennsylvania,https://www.refdesk.com/pa.html,"Morning Times, The",,https://www.morning-times.com/,False
1528,Pennsylvania,https://www.refdesk.com/pa.html,"Mountaintop Eagle, The",,http://www.mteagle.com/,False
1529,Pennsylvania,https://www.refdesk.com/pa.html,Murrysville Star,,https://neighborhoods.triblive.com/?p=MurrysvilleStar,False
1530,Pennsylvania,https://www.refdesk.com/pa.html,New Castle News,,https://www.ncnewsonline.com/,False
1531,Pennsylvania,https://www.refdesk.com/pa.html,"News-Item, The",,https://www.newsitem.com/,False
1532,Pennsylvania,https://www.refdesk.com/pa.html,Norwin Star,,https://neighborhoods.triblive.com/?p=NorwinStar,False
1533,Pennsylvania,https://www.refdesk.com/pa.html,Observer-Reporter,,https://observer-reporter.com/,False
1534,Pennsylvania,https://www.refdesk.com/pa.html,Perry County Times,,https://www.pennlive.com/perry-county-times/,False
1535,Pennsylvania,https://www.refdesk.com/pa.html,Philadelphia Business Journal,,https://www.bizjournals.com/philadelphia/,False
1536,Pennsylvania,https://www.refdesk.com/pa.html,Philadelphia Inquirer / Philadelphia Daily News,,https://www.inquirer.com/news/,False
1537,Pennsylvania,https://www.refdesk.com/pa.html,"Phoenix, The",,https://www.phoenixvillenews.com/,False
1538,Pennsylvania,https://www.refdesk.com/pa.html,Pittsburgh Business Times,,https://www.bizjournals.com/pittsburgh/,False
1539,Pennsylvania,https://www.refdesk.com/pa.html,Pittsburgh City Paper,,https://www.pghcitypaper.com/,False
1540,Pennsylvania,https://www.refdesk.com/pa.html,Pittsburgh Post-Gazette,,https://www.post-gazette.com/,False
1541,Pennsylvania,https://www.refdesk.com/pa.html,Pittsburgh Tribune-Review,,https://triblive.com/,False
1542,Pennsylvania,https://www.refdesk.com/pa.html,Plum Advance Leader Star,,https://triblive.com/local/plum/,False
1543,Pennsylvania,https://www.refdesk.com/pa.html,Pocono Record,,https://www.poconorecord.com/,False
1544,Pennsylvania,https://www.refdesk.com/pa.html,Press Enterprise,,https://www.pressenterpriseonline.com/,False
1545,Pennsylvania,https://www.refdesk.com/pa.html,Reading Eagle-Times,,https://www.readingeagle.com/,False
1546,Pennsylvania,https://www.refdesk.com/pa.html,Record Herald,,https://www.therecordherald.com/,False
1547,Pennsylvania,https://www.refdesk.com/pa.html,Republican Herald,,https://www.republicanherald.com/,False
1548,Pennsylvania,https://www.refdesk.com/pa.html,Rocket-Courier,,https://www.rocket-courier.com/,False
1549,Pennsylvania,https://www.refdesk.com/pa.html,Times-Tribune,,https://www.thetimes-tribune.com/,False
1550,Pennsylvania,https://www.refdesk.com/pa.html,"Sentinel, The",,https://cumberlink.com/,False
1551,Pennsylvania,https://www.refdesk.com/pa.html,"Sentinel, The",,https://www.lewistownsentinel.com/,False
1552,Pennsylvania,https://www.refdesk.com/pa.html,Standard-Speaker,,https://www.standardspeaker.com/,False
1553,Pennsylvania,https://www.refdesk.com/pa.html,"Times Herald, The",,https://www.timesherald.com/,False
1554,Pennsylvania,https://www.refdesk.com/pa.html,"Times Leader, The",,https://www.timesleader.com,False
1555,Pennsylvania,https://www.refdesk.com/pa.html,Times News,,https://www.tnonline.com/,False
1556,Pennsylvania,https://www.refdesk.com/pa.html,"Titusville Herald, The",,https://www.titusvilleherald.com/,False
1557,Pennsylvania,https://www.refdesk.com/pa.html,"Trib, The",,https://neighborhoods.triblive.com/sewickleyherald,False
1558,Pennsylvania,https://www.refdesk.com/pa.html,Tribune-Democrat,,https://www.tribdem.com/,False
1559,Pennsylvania,https://www.refdesk.com/pa.html,Upper Dauphin Sentinel,,http://www.sentinelnow.com/,False
1560,Pennsylvania,https://www.refdesk.com/pa.html,Valley Herald,,https://triblive.com/local/,False
1561,Pennsylvania,https://www.refdesk.com/pa.html,"Valley Independent, The",,https://triblive.com/,False
1562,Pennsylvania,https://www.refdesk.com/pa.html,Valley News Dispatch,,https://triblive.com/local/valley-news-dispatch/,False
1563,Pennsylvania,https://www.refdesk.com/pa.html,Wilkes-Barre Times Leader,,https://www.timesleader.com,False
1564,Pennsylvania,https://www.refdesk.com/pa.html,Williamsport Sun-Gazette,,https://www.sungazette.com/,False
1565,Pennsylvania,https://www.refdesk.com/pa.html,York Daily Record,,https://www.ydr.com/,False
1566,Pennsylvania,https://www.refdesk.com/pa.html,"York Dispatch, The",,https://www.yorkdispatch.com/,False
1579,Mississippi,https://www.refdesk.com/ms.html,,,https://www.google.com,False
1580,Mississippi,https://www.refdesk.com/ms.html,Search Tips/Tricks,,https://support.google.com/websearch,False
1583,Mississippi,https://www.refdesk.com/ms.html,State Information,,https://www.infoplease.com/us/states/mississippi,False
1584,Mississippi,https://www.refdesk.com/ms.html,"Clarion-Ledger, The",,https://www.clarionledger.com/,False
1585,Mississippi,https://www.refdesk.com/ms.html,"Commercial Appeal, The",,https://www.commercialappeal.com/,False
1586,Mississippi,https://www.refdesk.com/ms.html,"Commercial Dispatch, The",,https://www.cdispatch.com/,False
1587,Mississippi,https://www.refdesk.com/ms.html,Daily Corinthian,,https://www.dailycorinthian.com/,False
1588,Mississippi,https://www.refdesk.com/ms.html,"Daily Leader, The",,https://www.dailyleader.com/,False
1589,Mississippi,https://www.refdesk.com/ms.html,Daily Times Leader,,http://www.dailytimesleader.com/,False
1590,Mississippi,https://www.refdesk.com/ms.html,Delta Business Journal,,https://deltabusinessjournal.com/,False
1591,Mississippi,https://www.refdesk.com/ms.html,Delta Democrat TImes,,https://www.ddtonline.com/,False
1592,Mississippi,https://www.refdesk.com/ms.html,DeSoto Times-Tribune,,https://www.desototimes.com/,False
1593,Mississippi,https://www.refdesk.com/ms.html,"Democrat, The",,https://www.taterecord.com/,False
1594,Mississippi,https://www.refdesk.com/ms.html,Enterprise-Journal,,https://www.enterprise-journal.com/,False
1595,Mississippi,https://www.refdesk.com/ms.html,Hattiesburg American,,https://www.hattiesburgamerican.com/,False
1596,Mississippi,https://www.refdesk.com/ms.html,Greenwood Commonwealth,,https://www.gwcommonwealth.com/,False
1597,Mississippi,https://www.refdesk.com/ms.html,"Grenada Star, The",,https://www.grenadastar.com/,False
1598,Mississippi,https://www.refdesk.com/ms.html,Jackson Free Press,,https://www.jacksonfreepress.com/,False
1599,Mississippi,https://www.refdesk.com/ms.html,Madison County Journal,,https://onlinemadison.com/,False
1600,Mississippi,https://www.refdesk.com/ms.html,Meridian Star,,https://www.meridianstar.com/,False
1601,Mississippi,https://www.refdesk.com/ms.html,"Mississippi Business Journal, The",,https://www.djournal.com/mbj/,False
1602,Mississippi,https://www.refdesk.com/ms.html,"Mississippi Press, The",,https://www.gulflive.com/,False
1603,Mississippi,https://www.refdesk.com/ms.html,"Natchez Democrat, The",,https://www.natchezdemocrat.com/,False
1604,Mississippi,https://www.refdesk.com/ms.html,"Neshoba Democrat, The",,https://neshobademocrat.com/,False
1605,Mississippi,https://www.refdesk.com/ms.html,Northeast Mississippi Journal,,https://www.djournal.com/,False
1606,Mississippi,https://www.refdesk.com/ms.html,"Oxford Eagle, The",,https://www.oxfordeagle.com/,False
1607,Mississippi,https://www.refdesk.com/ms.html,Picayune Item,,https://www.picayuneitem.com/,False
1608,Mississippi,https://www.refdesk.com/ms.html,"South Reporter, The",,https://www.southreporter.com/,False
1609,Mississippi,https://www.refdesk.com/ms.html,Starkville Daily News,,https://www.starkvilledailynews.com/,False
1610,Mississippi,https://www.refdesk.com/ms.html,Sun Herald Online,,https://www.sunherald.com/,False
1611,Mississippi,https://www.refdesk.com/ms.html,"Vicksburg Post, The",,https://www.vicksburgpost.com/,False
1612,Mississippi,https://www.refdesk.com/ms.html,Winston County Journal,,https://www.redhillsmsnews.com/,False
1625,Nevada,https://www.refdesk.com/nv.html,,,https://www.google.com,False
1626,Nevada,https://www.refdesk.com/nv.html,Search Tips/Tricks,,https://support.google.com/websearch,False
1629,Nevada,https://www.refdesk.com/nv.html,State Information,,https://www.infoplease.com/us/states/nevada,False
1630,Nevada,https://www.refdesk.com/nv.html,"Desert Valley Times, The",,https://www.thespectrum.com/mesquite/,False
1631,Nevada,https://www.refdesk.com/nv.html,Elko Daily Free Press,,https://elkodaily.com/,False
1632,Nevada,https://www.refdesk.com/nv.html,Ely Daily Times,,https://elynews.com/,False
1633,Nevada,https://www.refdesk.com/nv.html,Henderson Home News,,https://hendersonlibraries.sobeklibrary.com/henderson-home-news,False
1634,Nevada,https://www.refdesk.com/nv.html,Las Vegas Business Press,,https://businesspress.vegas/,False
1635,Nevada,https://www.refdesk.com/nv.html,Las Vegas Review-Journal,,https://www.reviewjournal.com/,False
1636,Nevada,https://www.refdesk.com/nv.html,Las Vegas Sun,,https://lasvegassun.com/,False
1637,Nevada,https://www.refdesk.com/nv.html,Las Vegas View Newspapers,,https://www.reviewjournal.com,False
1638,Nevada,https://www.refdesk.com/nv.html,Las Vegas Weekly,,https://lasvegasweekly.com/,False
1639,Nevada,https://www.refdesk.com/nv.html,Laughlin Entertainer,,http://www.laughlinentertainer.com/,False
1640,Nevada,https://www.refdesk.com/nv.html,Mason Valley News,,https://www.rgj.com/news/mason-valley-news/,False
1641,Nevada,https://www.refdesk.com/nv.html,Nevada Appeal,,http://www.nevadaappeal.com/apps/pbcs.dll/frontpage,False
1642,Nevada,https://www.refdesk.com/nv.html,Nevada Business Journal,,https://www.nevadabusiness.com/,False
1643,Nevada,https://www.refdesk.com/nv.html,Nevada Rancher,,https://www.facebook.com/nevadaranchermagazine/,False
1644,Nevada,https://www.refdesk.com/nv.html,Pahrump Valley Times,,https://pvtimes.com/,False
1645,Nevada,https://www.refdesk.com/nv.html,"Record-Courier, The",,https://www.recordcourier.com/,False
1646,Nevada,https://www.refdesk.com/nv.html,Reno Gazette-Journal,,https://www.rgj.com/,False
1647,Nevada,https://www.refdesk.com/nv.html,Reno News & Review,,https://reno.newsreview.com/,False
1648,Nevada,https://www.refdesk.com/nv.html,View Newspapers,,https://www.reviewjournal.com,False
1661,Delaware,https://www.refdesk.com/de.html,,,https://www.google.com,False
1662,Delaware,https://www.refdesk.com/de.html,Search Tips/Tricks,,https://support.google.com/websearch,False
1665,Delaware,https://www.refdesk.com/de.html,State Information,,https://www.infoplease.com/us/states/delaware,False
1667,Delaware,https://www.refdesk.com/de.html,Cape Gazette,,https://www.capegazette.com/,False
1668,Delaware,https://www.refdesk.com/de.html,Community News,,https://www.hockessincommunitynews.com/,False
1669,Delaware,https://www.refdesk.com/de.html,Delaware Coast Press,,https://www.delmarvanow.com/,False
1670,Delaware,https://www.refdesk.com/de.html,Delaware Wave,,https://www.delmarvanow.com/,False
1671,Delaware,https://www.refdesk.com/de.html,Dover Post,,https://www.doverpost.com/,False
1672,Delaware,https://www.refdesk.com/de.html,Laurel Star,,http://www.laurelstar.com/,False
1673,Delaware,https://www.refdesk.com/de.html,Middletown Transcript,,https://www.middletowntranscript.com/,False
1674,Delaware,https://www.refdesk.com/de.html,Milford Beacon,,https://www.milfordbeacon.com/,False
1675,Delaware,https://www.refdesk.com/de.html,Newark Post,,https://www.newarkpostonline.com/,False
1676,Delaware,https://www.refdesk.com/de.html,News-Journal,,https://www.delawareonline.com/,False
1677,Delaware,https://www.refdesk.com/de.html,Seaford Star,,http://www.seafordstar.com/,False
1678,Delaware,https://www.refdesk.com/de.html,Smyrna/Clayton Sun Times,,https://www.scsuntimes.com/,False
1679,Delaware,https://www.refdesk.com/de.html,Sussex Countian,,https://www.sussexcountian.com/,False
1692,Nebraska,https://www.refdesk.com/ne.html,,,https://www.google.com,False
1693,Nebraska,https://www.refdesk.com/ne.html,Search Tips/Tricks,,https://support.google.com/websearch,False
1696,Nebraska,https://www.refdesk.com/ne.html,State Information,,https://www.infoplease.com/us/states/nebraska,False
1697,Nebraska,https://www.refdesk.com/ne.html,Alliance Times-Herald,,http://www.alliancetimes.com/,False
1698,Nebraska,https://www.refdesk.com/ne.html,Beatrice Daily Sun,,https://beatricedailysun.com/,False
1699,Nebraska,https://www.refdesk.com/ne.html,Burwell Tribune,,https://www.tribune2000.com/,False
1700,Nebraska,https://www.refdesk.com/ne.html,Chadron Record,,http://www.chadronnews.com/,False
1701,Nebraska,https://www.refdesk.com/ne.html,Columbus Telegram,,https://columbustelegram.com/,False
1702,Nebraska,https://www.refdesk.com/ne.html,Custer County Chief,,https://www.custercountychief.com/,False
1703,Nebraska,https://www.refdesk.com/ne.html,Daily Nebraskan Online,,http://www.dailyneb.com/,False
1704,Nebraska,https://www.refdesk.com/ne.html,"Enterprise, The",,https://www.enterprisepub.com/,False
1705,Nebraska,https://www.refdesk.com/ne.html,Fremont Tribune,,https://fremonttribune.com/,False
1706,Nebraska,https://www.refdesk.com/ne.html,Grand Island Independent,,https://theindependent.com/,False
1707,Nebraska,https://www.refdesk.com/ne.html,Hastings Tribune,,https://www.hastingstribune.com/,False
1708,Nebraska,https://www.refdesk.com/ne.html,Kearney Daily Hub,,https://kearneyhub.com/,False
1709,Nebraska,https://www.refdesk.com/ne.html,Ledger Online,,http://www.ledgeronline.com/,False
1710,Nebraska,https://www.refdesk.com/ne.html,Lexington Clipper-Herald,,https://lexch.com/,False
1711,Nebraska,https://www.refdesk.com/ne.html,Lincoln Journal Star,,https://journalstar.com/,False
1712,Nebraska,https://www.refdesk.com/ne.html,"McCook Daily Gazette, The",,https://www.mccookgazette.com/,False
1713,Nebraska,https://www.refdesk.com/ne.html,Midlands Business Journal,,http://www.mbj.com/,False
1714,Nebraska,https://www.refdesk.com/ne.html,Midwest Messenger,,https://www.agupdate.com/midwestmessenger/,False
1715,Nebraska,https://www.refdesk.com/ne.html,Neb-Sandhills,,https://nebnet.net/,False
1716,Nebraska,https://www.refdesk.com/ne.html,North Platte Telegraph,,https://nptelegraph.com/,False
1717,Nebraska,https://www.refdesk.com/ne.html,Omaha Reader,,https://thereader.com/,False
1718,Nebraska,https://www.refdesk.com/ne.html,Omaha World-Herald,,https://omaha.com/,False
1719,Nebraska,https://www.refdesk.com/ne.html,Star-Herald,,https://starherald.com/,False
1720,Nebraska,https://www.refdesk.com/ne.html,"Superior Express, The",,https://www.superiorne.com/,False
1721,Nebraska,https://www.refdesk.com/ne.html,West Point News,,https://www.wpnews.com/,False
1722,Nebraska,https://www.refdesk.com/ne.html,Western Nebraska Observer,,https://www.westernnebraskaobserver.net/,False
1723,Nebraska,https://www.refdesk.com/ne.html,York News Times,,https://yorknewstimes.com/,False
1736,Dist. of Columbia,https://www.refdesk.com/dc.html,,,https://www.google.com,False
1737,Dist. of Columbia,https://www.refdesk.com/dc.html,Search Tips/Tricks,,https://support.google.com/websearch,False
1740,Dist. of Columbia,https://www.refdesk.com/dc.html,Civic Information,,https://www.infoplease.com/us/cities/washington-dc,False
1741,Dist. of Columbia,https://www.refdesk.com/dc.html,Roll Call,,https://rollcall.com/,False
1742,Dist. of Columbia,https://www.refdesk.com/dc.html,Townhall,,https://townhall.com/,False
1743,Dist. of Columbia,https://www.refdesk.com/dc.html,Washington Business Journal,,https://www.bizjournals.com/washington/,False
1744,Dist. of Columbia,https://www.refdesk.com/dc.html,Washington City Newspaper,,https://washingtoncitypaper.com/,False
1745,Dist. of Columbia,https://www.refdesk.com/dc.html,Washington Examiner,,https://www.washingtonexaminer.com/,False
1746,Dist. of Columbia,https://www.refdesk.com/dc.html,Washington Post,,https://www.washingtonpost.com/,False
1747,Dist. of Columbia,https://www.refdesk.com/dc.html,Washington Times,,https://www.washingtontimes.com/,False
1760,Alabama,https://www.refdesk.com/al.html,,,https://www.google.com,False
1761,Alabama,https://www.refdesk.com/al.html,Search Tips/Tricks,,https://support.google.com/websearch,False
1764,Alabama,https://www.refdesk.com/al.html,State Information,,https://www.infoplease.com/us/states/alabama,False
1765,Alabama,https://www.refdesk.com/al.html,Al.com,,https://www.al.com/,False
1766,Alabama,https://www.refdesk.com/al.html,Andalusia Star News,,https://www.andalusiastarnews.com/,False
1767,Alabama,https://www.refdesk.com/al.html,"Anniston Star, The",,https://www.annistonstar.com/,False
1768,Alabama,https://www.refdesk.com/al.html,Atmore Advance,,https://www.atmoreadvance.com/,False
1769,Alabama,https://www.refdesk.com/al.html,"Auburn Plainsman, The",,https://www.theplainsman.com/,False
1770,Alabama,https://www.refdesk.com/al.html,Birmingham Business Journal,,https://www.bizjournals.com/birmingham/,False
1771,Alabama,https://www.refdesk.com/al.html,Birmingham News,,http://www.al.com/birmingham,False
1772,Alabama,https://www.refdesk.com/al.html,"Brewton Standard, The",,https://www.brewtonstandard.com/,False
1773,Alabama,https://www.refdesk.com/al.html,Clanton Advertiser,,https://www.clantonadvertiser.com/,False
1774,Alabama,https://www.refdesk.com/al.html,Cleburne News,,https://www.annistonstar.com/newsjournal/,False
1775,Alabama,https://www.refdesk.com/al.html,Crimson White,,https://cw.ua.edu/,False
1776,Alabama,https://www.refdesk.com/al.html,"Cullman Times, The",,https://www.cullmantimes.com/,False
1777,Alabama,https://www.refdesk.com/al.html,Daily Home,,https://www.annistonstar.com/the_daily_home/,False
1778,Alabama,https://www.refdesk.com/al.html,"Daily Sentinel, The",,http://www.thedailysentinel.com/,False
1779,Alabama,https://www.refdesk.com/al.html,Decatur Daily,,https://www.decaturdaily.com/,False
1780,Alabama,https://www.refdesk.com/al.html,Demopolis Times,,https://www.demopolistimes.com/,False
1781,Alabama,https://www.refdesk.com/al.html,"Dothan Eagle, The",,https://dothaneagle.com/,False
1782,Alabama,https://www.refdesk.com/al.html,Florence Times Daily,,https://www.timesdaily.com/,False
1783,Alabama,https://www.refdesk.com/al.html,Fort Payne Times-Journal,,https://times-journal.com/,False
1784,Alabama,https://www.refdesk.com/al.html,Franklin County Times,,https://franklincountytimes.com/,False
1785,Alabama,https://www.refdesk.com/al.html,Gadsden Messenger,,https://gadsdenmessenger.com/,False
1786,Alabama,https://www.refdesk.com/al.html,Gadsden Times,,https://www.gadsdentimes.com/,False
1787,Alabama,https://www.refdesk.com/al.html,Greenville Advocate,,https://www.greenvilleadvocate.com/,False
1788,Alabama,https://www.refdesk.com/al.html,Hartselle Enquirer,,https://hartselleenquirer.com/,False
1789,Alabama,https://www.refdesk.com/al.html,Huntsville Times,,https://www.alabamamediagroup.com/,False
1790,Alabama,https://www.refdesk.com/al.html,Jacksonville News,,https://www.annistonstar.com/newsjournal/,False
1791,Alabama,https://www.refdesk.com/al.html,Jasper Mountain Eagle,,https://mountaineagle.com/,False
1792,Alabama,https://www.refdesk.com/al.html,Mobile Press-Register Online,,https://www.al.com/mobile/,False
1793,Alabama,https://www.refdesk.com/al.html,Montgomery Advertiser,,https://www.montgomeryadvertiser.com/,False
1794,Alabama,https://www.refdesk.com/al.html,Opelika-Auburn News,,https://oanow.com/,False
1795,Alabama,https://www.refdesk.com/al.html,Pickens County Herald,,https://pcherald.com/,False
1796,Alabama,https://www.refdesk.com/al.html,Prattville Progress,,https://www.montgomeryadvertiser.com/news/prattville,False
1797,Alabama,https://www.refdesk.com/al.html,Selma Times Journal,,https://www.selmatimesjournal.com/,False
1798,Alabama,https://www.refdesk.com/al.html,Shelby County Reporter,,https://www.shelbycountyreporter.com/,False
1799,Alabama,https://www.refdesk.com/al.html,Sumpter County Record-Journal,,http://www.recordjournal.net/,False
1800,Alabama,https://www.refdesk.com/al.html,"Tuscaloosa News, The",,https://www.tuscaloosanews.com/,False
1801,Alabama,https://www.refdesk.com/al.html,"Valley Times-News, The",,https://www.valleytimes-news.com/,False
1802,Alabama,https://www.refdesk.com/al.html,"Weekly Post, The",,https://times-journal.com/,False
1803,Alabama,https://www.refdesk.com/al.html,"Wetumpka Herald, The",,https://www.thewetumpkaherald.com/,False
1816,Wisconsin,https://www.refdesk.com/wi.html,,,https://www.google.com,False
1817,Wisconsin,https://www.refdesk.com/wi.html,Search Tips/Tricks,,https://support.google.com/websearch,False
1820,Wisconsin,https://www.refdesk.com/wi.html,State Information,,https://www.infoplease.com/us/states/wisconsin,False
1821,Wisconsin,https://www.refdesk.com/wi.html,Baraboo News-Republic,,https://www.wiscnews.com/baraboonewsrepublic/,False
1822,Wisconsin,https://www.refdesk.com/wi.html,Barron News-Shield,,https://www.news-shield.com/,False
1823,Wisconsin,https://www.refdesk.com/wi.html,"Bee, The",,https://www.apg-wi.com/price_county_review/,False
1824,Wisconsin,https://www.refdesk.com/wi.html,Beloit Daily News,,https://www.beloitdailynews.com/,False
1825,Wisconsin,https://www.refdesk.com/wi.html,Bloomer Advance,,https://www.bloomeradvance.com/,False
1826,Wisconsin,https://www.refdesk.com/wi.html,Burnett County Sentinel,,https://www.burnettcountysentinel.com/,False
1827,Wisconsin,https://www.refdesk.com/wi.html,"Capital Times, The (Madison) Chetek Alert, The (Chetek) Chippewa Herald, The (Chippewa Falls) Chronotype, The (Rice Lake) Daily Citizen (Beaver Dam) Daily Jefferson County Union (Fort Atkinson) Daily News (Rhinelander) Daily Press, The (Ashland) Daily Register (Portage) Daily Telegram, The (Superior) Door County Advocate (Sturgeon Bay) Dunn County News (Menomonie) Green Bay Press-Gazette (Green Bay) Greater Milwaukee Today (Beaver Dam) Independent Register (Brodhead) The Inter-County Leader (Frederic) Janesville Gazette, The (Janesville) Journal Times, The (Racine) Kenosha News, The (Kenosha) Kewaunee Enterprise (Algoma) La Crosse Tribune Online (Lacrosse) Ladysmith News (Ladysmith) Leader-Telegram, The (Eau Claire) Lodi Enterprise (Lodi) Manitowoc Herald Times Reporter (Manitowoc) Marshfield News Herald (Marshfield) Milwaukee Business Journal (Milwaukee) Milwaukee Journal Sentinel, The (Milwaukee) Oshkosh Northwestern (Oshkosh) Park Falls Herald (Park Falls) Portage County Gazette (Stevens Point) Post-Crescent (Appleton) Record Review (Edgar) Reporter (Fond du Lac) Republican Eagle (Red Wing) The Review (Plymouth) Sawyer County Record (Hayward) Sheboygan Press (Sheboygan) The Sounder (Random Lake) Spooner Advocate (Spooner) Star News (Medford) Stevens Point Journal (Stevens Point) Tomahawk Leader (Tomahawk) Tribune-Phonograph (Abbotsford) Watertown Daily Times (Watertown) Waukesha Freeman (Waukesha) Waunakee Tribune (Waunakee) Wausau Daily Herald, The (Wausau) Waushara Argus (Wautoma) West Bend Daily News (West Bend) Wisconsin Rapids Tribune (Wisconsin Rapids) Wisconsin State Journal",Madison,https://madison.com/ct/,False
1828,Wisconsin,https://www.refdesk.com/wi.html,"Chetek Alert, The",,https://www.chetekalert.com/,False
1829,Wisconsin,https://www.refdesk.com/wi.html,"Chippewa Herald, The",,https://chippewa.com/,False
1830,Wisconsin,https://www.refdesk.com/wi.html,"Chronotype, The",,https://www.apg-wi.com/rice_lake_chronotype/,False
1831,Wisconsin,https://www.refdesk.com/wi.html,Daily Citizen,,https://www.wiscnews.com/bdc/,False
1832,Wisconsin,https://www.refdesk.com/wi.html,Daily Jefferson County Union,,https://www.dailyunion.com/,False
1833,Wisconsin,https://www.refdesk.com/wi.html,Daily News,,http://www.rhinelanderdailynews.com/,False
1834,Wisconsin,https://www.refdesk.com/wi.html,"Daily Press, The",,https://www.apg-wi.com/ashland_daily_press/,False
1835,Wisconsin,https://www.refdesk.com/wi.html,Daily Register,,https://www.wiscnews.com/portagedailyregister/,False
1836,Wisconsin,https://www.refdesk.com/wi.html,"Daily Telegram, The",,https://www.superiortelegram.com/,False
1837,Wisconsin,https://www.refdesk.com/wi.html,Door County Advocate,,https://www.greenbaypressgazette.com/door-co/,False
1838,Wisconsin,https://www.refdesk.com/wi.html,Dunn County News,,https://chippewa.com/community/dunnconnect/,False
1839,Wisconsin,https://www.refdesk.com/wi.html,Green Bay Press-Gazette,,https://www.greenbaypressgazette.com/,False
1840,Wisconsin,https://www.refdesk.com/wi.html,Greater Milwaukee Today,,https://www.gmtoday.com/,False
1841,Wisconsin,https://www.refdesk.com/wi.html,Independent Register,,http://www.indreg.com/,False
1842,Wisconsin,https://www.refdesk.com/wi.html,The Inter-County Leader,,https://www.leadernewsroom.com,False
1843,Wisconsin,https://www.refdesk.com/wi.html,"Janesville Gazette, The",,https://www.gazettextra.com/,False
1844,Wisconsin,https://www.refdesk.com/wi.html,"Journal Times, The",,https://journaltimes.com/,False
1845,Wisconsin,https://www.refdesk.com/wi.html,"Kenosha News, The",,https://www.kenoshanews.com/,False
1846,Wisconsin,https://www.refdesk.com/wi.html,Kewaunee Enterprise,,https://www.greenbaypressgazette.com/news/kewaunee-county-star-news/,False
1847,Wisconsin,https://www.refdesk.com/wi.html,La Crosse Tribune Online,,https://lacrossetribune.com/,False
1848,Wisconsin,https://www.refdesk.com/wi.html,Ladysmith News,,https://www.ladysmithnews.com/,False
1849,Wisconsin,https://www.refdesk.com/wi.html,"Leader-Telegram, The",,https://www.leadertelegram.com/,False
1850,Wisconsin,https://www.refdesk.com/wi.html,Lodi Enterprise,,https://www.hngnews.com/lodi_enterprise/,False
1851,Wisconsin,https://www.refdesk.com/wi.html,Manitowoc Herald Times Reporter,,https://www.htrnews.com/,False
1852,Wisconsin,https://www.refdesk.com/wi.html,Marshfield News Herald,,https://www.marshfieldnewsherald.com/,False
1853,Wisconsin,https://www.refdesk.com/wi.html,Milwaukee Business Journal,,https://www.bizjournals.com/milwaukee/,False
1854,Wisconsin,https://www.refdesk.com/wi.html,"Milwaukee Journal Sentinel, The",,https://www.jsonline.com/,False
1855,Wisconsin,https://www.refdesk.com/wi.html,Oshkosh Northwestern,,https://www.thenorthwestern.com/,False
1856,Wisconsin,https://www.refdesk.com/wi.html,Park Falls Herald,,https://www.apg-wi.com/price_county_review/,False
1857,Wisconsin,https://www.refdesk.com/wi.html,Portage County Gazette,,https://stevenspoint.news/,False
1858,Wisconsin,https://www.refdesk.com/wi.html,Post-Crescent,,https://www.postcrescent.com/,False
1859,Wisconsin,https://www.refdesk.com/wi.html,Record Review,,https://www.centralwinews.com/record-review/,False
1860,Wisconsin,https://www.refdesk.com/wi.html,Reporter,,https://www.fdlreporter.com/,False
1861,Wisconsin,https://www.refdesk.com/wi.html,Republican Eagle,,https://www.republicaneagle.com/,False
1862,Wisconsin,https://www.refdesk.com/wi.html,The Review,,https://www.plymouth-review.com/,False
1863,Wisconsin,https://www.refdesk.com/wi.html,Sawyer County Record,,https://www.apg-wi.com/sawyer_county_record/,False
1864,Wisconsin,https://www.refdesk.com/wi.html,Sheboygan Press,,https://www.sheboyganpress.com/,False
1865,Wisconsin,https://www.refdesk.com/wi.html,The Sounder,,http://www.thesounder.com/,False
1866,Wisconsin,https://www.refdesk.com/wi.html,Spooner Advocate,,https://www.apg-wi.com/spooner_advocate/,False
1867,Wisconsin,https://www.refdesk.com/wi.html,Star News,,http://centralwinews.com/star-news,False
1868,Wisconsin,https://www.refdesk.com/wi.html,Stevens Point Journal,,https://www.stevenspointjournal.com,False
1869,Wisconsin,https://www.refdesk.com/wi.html,Tomahawk Leader,,https://www.tomahawkleader.com/,False
1870,Wisconsin,https://www.refdesk.com/wi.html,Tribune-Phonograph,,https://www.centralwinews.com/tribune-phonograph,False
1871,Wisconsin,https://www.refdesk.com/wi.html,Watertown Daily Times,,https://www.wdtimes.com/,False
1872,Wisconsin,https://www.refdesk.com/wi.html,Waukesha Freeman,,https://www.gmtoday.com/,False
1873,Wisconsin,https://www.refdesk.com/wi.html,Waunakee Tribune,,https://www.hngnews.com/waunakee_tribune/,False
1874,Wisconsin,https://www.refdesk.com/wi.html,"Wausau Daily Herald, The",,https://www.wausaudailyherald.com/,False
1875,Wisconsin,https://www.refdesk.com/wi.html,Waushara Argus,,https://www.wausharaargus.com/,False
1876,Wisconsin,https://www.refdesk.com/wi.html,West Bend Daily News,,https://www.gmtoday.com/,False
1877,Wisconsin,https://www.refdesk.com/wi.html,Wisconsin Rapids Tribune,,https://www.wisconsinrapidstribune.com,False
1878,Wisconsin,https://www.refdesk.com/wi.html,Wisconsin State Journal,,https://madison.com/,False
1891,Connecticut,https://www.refdesk.com/ct.html,,,https://www.google.com,False
1892,Connecticut,https://www.refdesk.com/ct.html,Search Tips/Tricks,,https://support.google.com/websearch,False
1895,Connecticut,https://www.refdesk.com/ct.html,State Information,,https://www.infoplease.com/us/states/connecticut,False
1896,Connecticut,https://www.refdesk.com/ct.html,"Bristol Press, The",,http://bristolpress.com,False
1897,Connecticut,https://www.refdesk.com/ct.html,"Chronicle, The",,https://www.thechronicle.com/,False
1898,Connecticut,https://www.refdesk.com/ct.html,"CTPost, The",,https://www.ctpost.com/,False
1899,Connecticut,https://www.refdesk.com/ct.html,Darien News,,https://www.darientimes.com/,False
1900,Connecticut,https://www.refdesk.com/ct.html,"Darien Times, The",,https://www.darientimes.com/,False
1901,Connecticut,https://www.refdesk.com/ct.html,"Day, The",,https://www.theday.com/,False
1902,Connecticut,https://www.refdesk.com/ct.html,"Gazette, The",,https://www.ehgazette.com/,False
1903,Connecticut,https://www.refdesk.com/ct.html,Greenwich Time,,https://www.greenwichtime.com/,False
1904,Connecticut,https://www.refdesk.com/ct.html,Hartford Courant,,https://www.courant.com/,False
1905,Connecticut,https://www.refdesk.com/ct.html,"Hour, The",,https://www.thehour.com/,False
1906,Connecticut,https://www.refdesk.com/ct.html,Journal Inquirer,,https://www.journalinquirer.com/,False
1907,Connecticut,https://www.refdesk.com/ct.html,Litchfield County Times,,http://www.countytimes.com,False
1908,Connecticut,https://www.refdesk.com/ct.html,The Middletown Press,,https://www.middletownpress.com/,False
1909,Connecticut,https://www.refdesk.com/ct.html,MyRecordJournal.com,,https://www.myrecordjournal.com/,False
1910,Connecticut,https://www.refdesk.com/ct.html,"New Herald, The",,http://newbritainherald.com,False
1911,Connecticut,https://www.refdesk.com/ct.html,New Haven Register,,https://www.nhregister.com/,False
1912,Connecticut,https://www.refdesk.com/ct.html,Newington Town Crier,,http://www.newbritainherald.com/newington_town_crier/,False
1913,Connecticut,https://www.refdesk.com/ct.html,"News-Times, The",,https://www.newstimes.com/,False
1914,Connecticut,https://www.refdesk.com/ct.html,"Newtown Bee, The",,https://www.newtownbee.com/,False
1915,Connecticut,https://www.refdesk.com/ct.html,"Norwich Bulletin, The",,https://www.norwichbulletin.com/,False
1916,Connecticut,https://www.refdesk.com/ct.html,The Register Citizen,,https://www.registercitizen.com/,False
1917,Connecticut,https://www.refdesk.com/ct.html,Reminder News,,https://www.courant.com/community/,False
1918,Connecticut,https://www.refdesk.com/ct.html,Shore Publishing Community Newspapers,,https://www.zip06.com,False
1919,Connecticut,https://www.refdesk.com/ct.html,"Stamford Advocate, The",,https://www.stamfordadvocate.com/,False
1920,Connecticut,https://www.refdesk.com/ct.html,Voices News,,https://www.primepublishers.com/voicesnews/,False
1921,Connecticut,https://www.refdesk.com/ct.html,Waterbury Republican-American,,https://www.rep-am.com/,False
1922,Connecticut,https://www.refdesk.com/ct.html,West Hartford News,,https://www.westhartfordnews.com,False
1923,Connecticut,https://www.refdesk.com/ct.html,West Haven Voice,,https://westhavenvoice.com/,False
1924,Connecticut,https://www.refdesk.com/ct.html,WestportNow,,https://westportnow.com/,False
1925,Connecticut,https://www.refdesk.com/ct.html,Yale Daily News,,https://yaledailynews.com/,False
1926,Connecticut,https://www.refdesk.com/ct.html,"Yale Herald, The",,https://yaleherald.com/?gi=b9aa994d16b3,False
1939,Virginia,https://www.refdesk.com/va.html,,,https://www.google.com,False
1940,Virginia,https://www.refdesk.com/va.html,Search Tips/Tricks,,https://support.google.com/websearch,False
1943,Virginia,https://www.refdesk.com/va.html,State Information,,https://www.infoplease.com/us/states/virginia,False
1944,Virginia,https://www.refdesk.com/va.html,Bluefield Daily Telegraph,,https://www.bdtonline.com/,False
1945,Virginia,https://www.refdesk.com/va.html,Blue Ridge Business Journal,,https://www.bizjournals.com/,False
1946,Virginia,https://www.refdesk.com/va.html,Bristol Herald Courier/Bristol Virginia-Tennessean,,https://heraldcourier.com/,False
1947,Virginia,https://www.refdesk.com/va.html,Central Virginian News,,https://www.thecentralvirginian.com/,False
1948,Virginia,https://www.refdesk.com/va.html,Clinch Valley News,,https://swvatoday.com/richland_clinch_valley/,False
1949,Virginia,https://www.refdesk.com/va.html,Coalfield Progress,,https://www.coalfield.com,False
1950,Virginia,https://www.refdesk.com/va.html,Culpeper Star Exponent,,https://starexponent.com/,False
1951,Virginia,https://www.refdesk.com/va.html,Daily News-Record Online,,https://www.dnronline.com/,False
1952,Virginia,https://www.refdesk.com/va.html,Daily News Leader,,https://www.newsleader.com/,False
1953,Virginia,https://www.refdesk.com/va.html,Daily Press,,https://www.dailypress.com/,False
1954,Virginia,https://www.refdesk.com/va.html,"Daily Progress, The",,https://dailyprogress.com/,False
1955,Virginia,https://www.refdesk.com/va.html,Danville Register and Bee,,https://godanriver.com/,False
1956,Virginia,https://www.refdesk.com/va.html,"Enterprise, The",,https://theenterprise.net/,False
1957,Virginia,https://www.refdesk.com/va.html,Falls Church News-Press,,https://www.fcnp.com/,False
1958,Virginia,https://www.refdesk.com/va.html,Fauquier Times,,https://www.fauquier.com/,False
1959,Virginia,https://www.refdesk.com/va.html,Fauquier Times-Democrat,,https://www.fauquier.com/,False
1960,Virginia,https://www.refdesk.com/va.html,Floyd Press,,https://swvatoday.com/floyd/,False
1961,Virginia,https://www.refdesk.com/va.html,"Free Lance-Star, The",,https://fredericksburg.com/,False
1962,Virginia,https://www.refdesk.com/va.html,"Gazette, The",,https://www.galaxgazette.com/,False
1963,Virginia,https://www.refdesk.com/va.html,Greene County Record,,https://dailyprogress.com/community/greenenews/,False
1964,Virginia,https://www.refdesk.com/va.html,Hanover Herald-Progress,,https://www.herald-progress.com/,False
1965,Virginia,https://www.refdesk.com/va.html,"Herald Courier, The",,https://heraldcourier.com/,False
1966,Virginia,https://www.refdesk.com/va.html,Inside Business,,https://www.pilotonline.com/inside-business/,False
1967,Virginia,https://www.refdesk.com/va.html,Inside NOVA,,https://www.insidenova.com/,False
1968,Virginia,https://www.refdesk.com/va.html,Leesburg Today,,https://www.loudountimes.com/,False
1969,Virginia,https://www.refdesk.com/va.html,"Loudoun Times-Mirror, The",,https://www.loudountimes.com/,False
1970,Virginia,https://www.refdesk.com/va.html,Martinsville Bulletin,,https://martinsvillebulletin.com/,False
1971,Virginia,https://www.refdesk.com/va.html,Martinsville Daily,,https://martinsvillemedia.com,False
1972,Virginia,https://www.refdesk.com/va.html,"News & Advance, The",,https://newsadvance.com/,False
1973,Virginia,https://www.refdesk.com/va.html,"News-Gazette, The",,https://www.thenews-gazette.com/,False
1974,Virginia,https://www.refdesk.com/va.html,"New Journal Online, The",,https://www.jrnl.com/,False
1975,Virginia,https://www.refdesk.com/va.html,New River Valley Current,,https://roanoke.com/news/nrv/,False
1976,Virginia,https://www.refdesk.com/va.html,"News Virginian, The",,https://newsvirginian.com/,False
1977,Virginia,https://www.refdesk.com/va.html,Norfolk Virginian-Pilot,,https://www.pilotonline.com/entertainment/,False
1978,Virginia,https://www.refdesk.com/va.html,Orange County Review,,https://dailyprogress.com/community/orangenews/,False
1979,Virginia,https://www.refdesk.com/va.html,"Central Virginian, The",,https://www.thecentralvirginian.com/,False
1980,Virginia,https://www.refdesk.com/va.html,Rappahannock Record,,https://rrecord.com/,False
1981,Virginia,https://www.refdesk.com/va.html,Richlands News-Press,,https://swvatoday.com/richland_clinch_valley/,False
1982,Virginia,https://www.refdesk.com/va.html,Richmond Times-Dispatch,,https://richmond.com/news/virginia/,False
1983,Virginia,https://www.refdesk.com/va.html,Roanoke Times,,https://roanoke.com/,False
1984,Virginia,https://www.refdesk.com/va.html,Shenandoah.com,,https://www.shentel.com,False
1985,Virginia,https://www.refdesk.com/va.html,The Smithfield Times,,https://www.smithfieldtimes.com/,False
1986,Virginia,https://www.refdesk.com/va.html,Smyth Country News & Messenger,,https://swvatoday.com/smyth_county/news/,False
1987,Virginia,https://www.refdesk.com/va.html,South Boston Gazette-Virginian,,https://www.gazettevirginian.com/,False
1988,Virginia,https://www.refdesk.com/va.html,Southside Sentinel,,https://www.ssentinel.com/,False
1989,Virginia,https://www.refdesk.com/va.html,Southwest Virginia Enterprise,,https://heraldcourier.com/news/,False
1990,Virginia,https://www.refdesk.com/va.html,Suffolk News-Herald,,https://www.suffolknewsherald.com/,False
1991,Virginia,https://www.refdesk.com/va.html,Times Community Newspapers,,https://www.fairfaxtimes.com/,False
1992,Virginia,https://www.refdesk.com/va.html,Virginian Review,,https://thevirginianreview.com/,False
1993,Virginia,https://www.refdesk.com/va.html,"Virginian-Pilot, The",,https://www.pilotonline.com/,False
1994,Virginia,https://www.refdesk.com/va.html,Washington Business Journal,,https://www.bizjournals.com/washington/,False
1995,Virginia,https://www.refdesk.com/va.html,"Winchester Star, The",,https://www.winchesterstar.com/,False
2008,Utah,https://www.refdesk.com/ut.html,,,https://www.google.com,False
2009,Utah,https://www.refdesk.com/ut.html,Search Tips/Tricks,,https://support.google.com/websearch,False
2012,Utah,https://www.refdesk.com/ut.html,State Information,,https://www.infoplease.com/us/states/utah,False
2013,Utah,https://www.refdesk.com/ut.html,Box Elder News Journal,,https://www.benewsjournal.com/,False
2014,Utah,https://www.refdesk.com/ut.html,Canyon Country Zephyr,,https://www.canyoncountryzephyr.com/,False
2015,Utah,https://www.refdesk.com/ut.html,Church News,,https://www.thechurchnews.com/,False
2016,Utah,https://www.refdesk.com/ut.html,City Weekly,,https://www.cityweekly.net/,False
2017,Utah,https://www.refdesk.com/ut.html,"Daily Herald, The",,https://www.heraldextra.com/,False
2018,Utah,https://www.refdesk.com/ut.html,"Daily Universe, The",,https://universe.byu.edu/,False
2019,Utah,https://www.refdesk.com/ut.html,Davis County Clipper,,https://davisclipper.com/,False
2020,Utah,https://www.refdesk.com/ut.html,Deseret News,,https://www.deseret.com/,False
2021,Utah,https://www.refdesk.com/ut.html,"Emery County Progress, The",,http://www.ecprogress.com/,False
2022,Utah,https://www.refdesk.com/ut.html,"Herald Journal, The",,https://www.hjnews.com/,False
2023,Utah,https://www.refdesk.com/ut.html,Hilltop Times,,https://hilltoptimes.com/,False
2024,Utah,https://www.refdesk.com/ut.html,Hurricane Valley Journal,,http://www.hvjournal.com/,False
2025,Utah,https://www.refdesk.com/ut.html,Moab's Times-Independent,,https://www.moabtimes.com/,False
2026,Utah,https://www.refdesk.com/ut.html,Park Record,,https://www.parkrecord.com/,False
2027,Utah,https://www.refdesk.com/ut.html,"Richfield Reaper, The",,https://richfieldreaper.com/,False
2028,Utah,https://www.refdesk.com/ut.html,"Salt Lake Tribune, The",,https://www.sltrib.com/,False
2029,Utah,https://www.refdesk.com/ut.html,Southern Utah News,,https://www.sunews.net/,False
2030,Utah,https://www.refdesk.com/ut.html,"Spectrum, The",,https://www.thespectrum.com/,False
2031,Utah,https://www.refdesk.com/ut.html,Standard-Examiner,,https://www.standard.net/,False
2032,Utah,https://www.refdesk.com/ut.html,Sun Advocate,,http://www.sunad.com/,False
2033,Utah,https://www.refdesk.com/ut.html,Times News,,http://www.nephitimesnews.com/,False
2034,Utah,https://www.refdesk.com/ut.html,Transcript Bulletin,,http://tooeleonline.com/,False
2035,Utah,https://www.refdesk.com/ut.html,Utah Statesman Online,,https://usustatesman.com/,False
2036,Utah,https://www.refdesk.com/ut.html,Uintah Basin Standard,,https://www.ubstandard.com/,False
2037,Utah,https://www.refdesk.com/ut.html,Vernal Express,,https://vernal.com/,False
2038,Utah,https://www.refdesk.com/ut.html,Wasatch Wave,,http://www.wasatchwave.com/,False
2051,Georgia,https://www.refdesk.com/ga.html,,,https://www.google.com,False
2052,Georgia,https://www.refdesk.com/ga.html,Search Tips/Tricks,,https://support.google.com/websearch,False
2055,Georgia,https://www.refdesk.com/ga.html,State Information,,https://www.infoplease.com/us/states/georgia,False
2057,Georgia,https://www.refdesk.com/ga.html,"Albany Herald, The",,https://www.albanyherald.com/,False
2058,Georgia,https://www.refdesk.com/ga.html,Americus Times Recorder,,https://www.americustimesrecorder.com/,False
2059,Georgia,https://www.refdesk.com/ga.html,Athens News,,https://www.onlineathens.com/,False
2060,Georgia,https://www.refdesk.com/ga.html,Atlanta Business Chronicle,,https://www.bizjournals.com/atlanta/,False
2061,Georgia,https://www.refdesk.com/ga.html,Atlanta Daily World,,https://atlantadailyworld.com/,False
2062,Georgia,https://www.refdesk.com/ga.html,Atlanta Journal-Constitution,,https://www.ajc.com/,False
2063,Georgia,https://www.refdesk.com/ga.html,"Augusta Chronicle, The",,https://www.augustachronicle.com/,False
2064,Georgia,https://www.refdesk.com/ga.html,"Baxley News-Banner, The",,https://www.baxleynewsbanner.com/,False
2065,Georgia,https://www.refdesk.com/ga.html,"Brunswick News, The",,https://thebrunswicknews.com/,False
2066,Georgia,https://www.refdesk.com/ga.html,Cherokee Tribune,,https://www.tribuneledgernews.com/,False
2067,Georgia,https://www.refdesk.com/ga.html,Cherokee Ledger-News Online,,https://www.tribuneledgernews.com/ledger/,False
2068,Georgia,https://www.refdesk.com/ga.html,"Citizen, The",,https://www.thecitizennews.com/,False
2069,Georgia,https://www.refdesk.com/ga.html,Clayton Tribune,,https://www.theclaytontribune.com/,False
2070,Georgia,https://www.refdesk.com/ga.html,"Coastal Courier, The",,https://coastalcourier.com/,False
2071,Georgia,https://www.refdesk.com/ga.html,Columbus Ledger-Enquirer,,https://www.ledger-enquirer.com/,False
2072,Georgia,https://www.refdesk.com/ga.html,Cordele Dispatch,,https://www.cordeledispatch.com/,False
2073,Georgia,https://www.refdesk.com/ga.html,"Courier Herald, The",,https://courierheraldtoday.com/,False
2074,Georgia,https://www.refdesk.com/ga.html,Daily Citizen-News,,https://www.dailycitizen.news/,False
2075,Georgia,https://www.refdesk.com/ga.html,Dade County Sentinel,,https://www.dadecountysentinel.com/,False
2076,Georgia,https://www.refdesk.com/ga.html,"Daily Tribune News, The",,https://daily-tribune.com/,False
2077,Georgia,https://www.refdesk.com/ga.html,"Dodge County News, The",,http://www.dodgecountynews.com/,False
2078,Georgia,https://www.refdesk.com/ga.html,Dunwoody Crier,,https://www.appenmedia.com/dunwoody/,False
2079,Georgia,https://www.refdesk.com/ga.html,"Eatonton Messenger, The",,https://www.msgrnews.com/,False
2080,Georgia,https://www.refdesk.com/ga.html,"Elberton Star & Examiner, The",,https://www.elberton.com/,False
2081,Georgia,https://www.refdesk.com/ga.html,"Forest-Blade, The",,https://emanuelcountylive.com/,False
2082,Georgia,https://www.refdesk.com/ga.html,"Forsyth County News, The",,https://www.forsythnews.com/,False
2083,Georgia,https://www.refdesk.com/ga.html,Gainesville Times,,https://www.gainesvilletimes.com/,False
2084,Georgia,https://www.refdesk.com/ga.html,Griffin Daily News,,https://www.griffindailynews.com/,False
2085,Georgia,https://www.refdesk.com/ga.html,Gwinnett Daily Post,,https://www.gwinnettdailypost.com/,False
2086,Georgia,https://www.refdesk.com/ga.html,"Henry Herald, The",,https://www.henryherald.com/,False
2087,Georgia,https://www.refdesk.com/ga.html,"Herald-Gazette, The",,http://www.barnesville.com/,False
2088,Georgia,https://www.refdesk.com/ga.html,"Herald Leader, The",,https://www.herald-leader.net/,False
2089,Georgia,https://www.refdesk.com/ga.html,"Jones County News, The",,https://www.jcnews.com/,False
2090,Georgia,https://www.refdesk.com/ga.html,"LaGrange Daily News, The",,https://www.lagrangenews.com/,False
2091,Georgia,https://www.refdesk.com/ga.html,Macon Telegraph,,https://www.macon.com/,False
2092,Georgia,https://www.refdesk.com/ga.html,Marietta Daily Journal,,https://www.mdjonline.com/,False
2093,Georgia,https://www.refdesk.com/ga.html,Moultrie Observer,,https://www.moultrieobserver.com/,False
2094,Georgia,https://www.refdesk.com/ga.html,"Newnan Times-Herald, The",,https://times-herald.com/,False
2095,Georgia,https://www.refdesk.com/ga.html,News Daily,,https://www.news-daily.com/,False
2096,Georgia,https://www.refdesk.com/ga.html,Oconee Enterprise,,https://www.oconeeenterprise.com/,False
2097,Georgia,https://www.refdesk.com/ga.html,Pickens County Progress,,https://www.pickensprogress.com/,False
2098,Georgia,https://www.refdesk.com/ga.html,Post Searchlight,,https://www.thepostsearchlight.com/,False
2099,Georgia,https://www.refdesk.com/ga.html,"Press Sentinel, The",,https://www.thepress-sentinel.com/,False
2100,Georgia,https://www.refdesk.com/ga.html,"Rockdale Citizen, The",,https://www.rockdalenewtoncitizen.com/,False
2101,Georgia,https://www.refdesk.com/ga.html,Rome News-Tribune,,https://www.northwestgeorgianews.com/rome/,False
2102,Georgia,https://www.refdesk.com/ga.html,Savannah Morning News,,https://www.savannahnow.com/,False
2103,Georgia,https://www.refdesk.com/ga.html,Savannah Tribune,,https://www.savannahtribune.com/,False
2104,Georgia,https://www.refdesk.com/ga.html,Statesboro Herald,,https://www.statesboroherald.com/,False
2105,Georgia,https://www.refdesk.com/ga.html,Suwannee Democrat,,https://www.valdostadailytimes.com/live-oak/,False
2106,Georgia,https://www.refdesk.com/ga.html,Thomasville Times-Enterprise,,https://www.timesenterprise.com/,False
2107,Georgia,https://www.refdesk.com/ga.html,Tifton Gazette,,https://www.tiftongazette.com/,False
2108,Georgia,https://www.refdesk.com/ga.html,"Times Courier, The",,https://www.timescourier.com/,False
2109,Georgia,https://www.refdesk.com/ga.html,Times-Georgian OnLine,,https://www.times-georgian.com/,False
2110,Georgia,https://www.refdesk.com/ga.html,Tribune,,https://www.tribune-georgian.com/,False
2111,Georgia,https://www.refdesk.com/ga.html,Valdosta Daily Times,,https://www.valdostadailytimes.com/,False
2112,Georgia,https://www.refdesk.com/ga.html,"Walton Tribune, The",,https://www.waltontribune.com/,False
2113,Georgia,https://www.refdesk.com/ga.html,"Weekly, The",,http://www.theweekly.com/,False
2126,Iowa,https://www.refdesk.com/ia.html,,,https://www.google.com,False
2127,Iowa,https://www.refdesk.com/ia.html,Search Tips/Tricks,,https://support.google.com/websearch,False
2130,Iowa,https://www.refdesk.com/ia.html,State Information,,https://www.infoplease.com/us/states/iowa,False
2131,Iowa,https://www.refdesk.com/ia.html,Ames Tribune,,https://www.amestrib.com,False
2132,Iowa,https://www.refdesk.com/ia.html,Albia Union-Republican,,https://www.albianews.com/,False
2133,Iowa,https://www.refdesk.com/ia.html,"Bloomfield Democrat, The",,https://www.bdemo.com/,False
2134,Iowa,https://www.refdesk.com/ia.html,Catholic Globe,,https://www.lumenmedia.org/,False
2135,Iowa,https://www.refdesk.com/ia.html,Cedar Rapids Gazette,,https://www.thegazette.com,False
2136,Iowa,https://www.refdesk.com/ia.html,Charles City Press,,http://www.charlescitypress.com/,False
2137,Iowa,https://www.refdesk.com/ia.html,Clear Lake Mirror,,http://www.clreporter.com/,False
2138,Iowa,https://www.refdesk.com/ia.html,Clinton Herald,,https://www.clintonherald.com/,False
2139,Iowa,https://www.refdesk.com/ia.html,Des Moines Register,,https://www.desmoinesregister.com/,False
2140,Iowa,https://www.refdesk.com/ia.html,Dispatch / Rock Island Arcus,,https://qconline.com/,False
2141,Iowa,https://www.refdesk.com/ia.html,Dubuque Telegraph Herald,,https://www.telegraphherald.com/,False
2142,Iowa,https://www.refdesk.com/ia.html,"Dunlap Reporter, The",,https://www.dunlapiowa.com/,False
2143,Iowa,https://www.refdesk.com/ia.html,Fairfield Daily Ledger,,https://www.southeastiowaunion.com/,False
2144,Iowa,https://www.refdesk.com/ia.html,Fort Dodge Messenger,,https://www.messengernews.net/,False
2145,Iowa,https://www.refdesk.com/ia.html,Fort Madison Daily Democrat,,http://www.dailydem.com/,False
2146,Iowa,https://www.refdesk.com/ia.html,GlenwoodNet,,https://glenwoodnet.com/,False
2147,Iowa,https://www.refdesk.com/ia.html,Globe-Gazette,,https://globegazette.com/,False
2148,Iowa,https://www.refdesk.com/ia.html,"Hawk Eye, The",,https://www.thehawkeye.com/,False
2149,Iowa,https://www.refdesk.com/ia.html,Ida County Courier-Reminder,,https://www.idacountycourier.com/,False
2150,Iowa,https://www.refdesk.com/ia.html,Iowa City Daily Iowan,,https://dailyiowan.com/,False
2151,Iowa,https://www.refdesk.com/ia.html,Iowa State Daily,,https://www.iowastatedaily.com/,False
2152,Iowa,https://www.refdesk.com/ia.html,Keokuk Daily Gate City,,http://www.dailygate.com/,False
2153,Iowa,https://www.refdesk.com/ia.html,LeMars Daily Sentinel,,https://www.lemarssentinel.com/,False
2154,Iowa,https://www.refdesk.com/ia.html,Marshalltown Times Republican,,https://www.timesrepublican.com/,False
2155,Iowa,https://www.refdesk.com/ia.html,"Monticello Express, The",,http://www.monticelloexpress.com/,False
2156,Iowa,https://www.refdesk.com/ia.html,Muscatine Journal,,https://muscatinejournal.com/,False
2157,Iowa,https://www.refdesk.com/ia.html,"Newton Daily News, The",,https://www.newtondailynews.com/,False
2158,Iowa,https://www.refdesk.com/ia.html,Osceola Sentinel-Tribune,,https://www.osceolaiowa.com/,False
2159,Iowa,https://www.refdesk.com/ia.html,"Ottumwa Courier, The",,https://www.ottumwacourier.com/,False
2160,Iowa,https://www.refdesk.com/ia.html,Press-Citizen,,https://www.press-citizen.com/,False
2161,Iowa,https://www.refdesk.com/ia.html,"Quad City Times, The",,https://qctimes.com/,False
2162,Iowa,https://www.refdesk.com/ia.html,River Cities Reader,,https://www.rcreader.com/,False
2163,Iowa,https://www.refdesk.com/ia.html,"Sioux City Journal, The",,https://siouxcityjournal.com/,False
2164,Iowa,https://www.refdesk.com/ia.html,Storm Lake Times,,https://www.stormlake.com/,False
2165,Iowa,https://www.refdesk.com/ia.html,"Washington Evening Journal, The",,https://www.southeastiowaunion.com/,False
2166,Iowa,https://www.refdesk.com/ia.html,Waterloo-Cedar Falls Courier,,https://wcfcourier.com/,False
2167,Iowa,https://www.refdesk.com/ia.html,Waukon Standard,,http://www.waukonstandard.com/,False
2168,Iowa,https://www.refdesk.com/ia.html,Waverly Democrat,,http://www.waverlynewspapers.com/,False
2181,North Dakota,https://www.refdesk.com/nd.html,,,https://www.google.com,False
2182,North Dakota,https://www.refdesk.com/nd.html,Search Tips/Tricks,,https://support.google.com/websearch,False
2185,North Dakota,https://www.refdesk.com/nd.html,State Information,,https://www.infoplease.com/us/states/north-dakota,False
2186,North Dakota,https://www.refdesk.com/nd.html,Bismarck Tribune,,https://bismarcktribune.com/,False
2187,North Dakota,https://www.refdesk.com/nd.html,Burke County Tribune,,https://www.facebook.com/BurkeCountyTribune/,False
2188,North Dakota,https://www.refdesk.com/nd.html,Devils Lake Daily Journal,,https://www.devilslakejournal.com/,False
2189,North Dakota,https://www.refdesk.com/nd.html,Dickinson Press,,https://www.thedickinsonpress.com/,False
2190,North Dakota,https://www.refdesk.com/nd.html,Farm & Ranch Guide,,https://www.agupdate.com/farmandranchguide/,False
2191,North Dakota,https://www.refdesk.com/nd.html,Farmers Press,,https://www.bensoncountynews.com/,False
2192,North Dakota,https://www.refdesk.com/nd.html,"Forum, The",,https://www.inforum.com/,False
2193,North Dakota,https://www.refdesk.com/nd.html,Grand Forks Herald,,https://www.grandforksherald.com/,False
2194,North Dakota,https://www.refdesk.com/nd.html,Grant County News,,https://grantcountyndnews.com/,False
2195,North Dakota,https://www.refdesk.com/nd.html,Hebron Herald,"Archived, 2008",https://web.archive.org/web/20080624125603/http://www.hebronherald.com/news.htm,False
2196,North Dakota,https://www.refdesk.com/nd.html,"Jamestown Sun, The",,https://www.jamestownsun.com/,False
2197,North Dakota,https://www.refdesk.com/nd.html,Minot Daily News,,https://www.minotdailynews.com,False
2198,North Dakota,https://www.refdesk.com/nd.html,Times-Record,,https://www.times-online.com/,False
2199,North Dakota,https://www.refdesk.com/nd.html,Williston Daily Herald,,https://www.willistonherald.com/,False
2212,West Virginia,https://www.refdesk.com/wv.html,,,https://www.google.com,False
2213,West Virginia,https://www.refdesk.com/wv.html,Search Tips/Tricks,,https://support.google.com/websearch,False
2216,West Virginia,https://www.refdesk.com/wv.html,State Information,,https://www.infoplease.com/us/states/west-virginia,False
2217,West Virginia,https://www.refdesk.com/wv.html,Bluefield Daily Telegraph,,https://www.bdtonline.com/,False
2218,West Virginia,https://www.refdesk.com/wv.html,Braxton Citizens' News,,https://www.bcn-news.com/,False
2219,West Virginia,https://www.refdesk.com/wv.html,Charleston Daily Mail,,https://www.wvgazettemail.com/,False
2220,West Virginia,https://www.refdesk.com/wv.html,"Charleston Gazette, The",,https://www.wvgazettemail.com/,False
2221,West Virginia,https://www.refdesk.com/wv.html,"Clarksburg Exponent-Telegram, The",,http://www.cpubco.com,False
2222,West Virginia,https://www.refdesk.com/wv.html,Coal Valley News,,https://www.coalvalleynews.com/,False
2223,West Virginia,https://www.refdesk.com/wv.html,Daily News-Tribune,,https://www.newstribune.info/news/,False
2224,West Virginia,https://www.refdesk.com/wv.html,Dominion Post,,https://www.dominionpost.com/,False
2225,West Virginia,https://www.refdesk.com/wv.html,Hampshire Review,,https://www.hampshirereview.com/,False
2226,West Virginia,https://www.refdesk.com/wv.html,"Herald-Dispatch, The",,https://www.herald-dispatch.com/,False
2227,West Virginia,https://www.refdesk.com/wv.html,HuntingtonNews.Net,,http://www.huntingtonnews.net/,False
2228,West Virginia,https://www.refdesk.com/wv.html,"Intelligencer & Wheeling News Register, The",,https://www.theintelligencer.net/,False
2229,West Virginia,https://www.refdesk.com/wv.html,"Inter-Mountain, The",,https://www.theintermountain.com/,False
2230,West Virginia,https://www.refdesk.com/wv.html,"Journal, The",,https://www.journal-news.net/,False
2231,West Virginia,https://www.refdesk.com/wv.html,Lincoln Journal,,https://www.lincolnjournal.com/,False
2232,West Virginia,https://www.refdesk.com/wv.html,Logan Banner,,https://www.loganbanner.com/,False
2233,West Virginia,https://www.refdesk.com/wv.html,Mountain Messenger,,https://mountainmessenger.com/,False
2234,West Virginia,https://www.refdesk.com/wv.html,Mountain Statesman,,https://mountainstatesman.com/,False
2235,West Virginia,https://www.refdesk.com/wv.html,Parkersburg News and Parkersburg Sentinel,,https://www.newsandsentinel.com/,False
2236,West Virginia,https://www.refdesk.com/wv.html,"Parthenon, The",,https://marshallparthenon.com/,False
2237,West Virginia,https://www.refdesk.com/wv.html,"Pocahontas Times, The",,https://pocahontastimes.com/,False
2238,West Virginia,https://www.refdesk.com/wv.html,"Register-Herald, The",,https://www.register-herald.com/,False
2239,West Virginia,https://www.refdesk.com/wv.html,State Journal,,https://www.wvnews.com/statejournal/,False
2240,West Virginia,https://www.refdesk.com/wv.html,"Times West Virginian, The",,https://www.timeswv.com/,False
2241,West Virginia,https://www.refdesk.com/wv.html,"Weston Democrat, The",,https://www.wvnews.com/westondemocrat/,False
2242,West Virginia,https://www.refdesk.com/wv.html,Weirton Daily Times,,https://www.weirtondailytimes.com/,False
2243,West Virginia,https://www.refdesk.com/wv.html,Williamson Daily News,,https://www.williamsondailynews.com/,False
2256,Alaska,https://www.refdesk.com/ak.html,,,https://www.google.com,False
2257,Alaska,https://www.refdesk.com/ak.html,Search Tips/Tricks,,https://support.google.com/websearch,False
2260,Alaska,https://www.refdesk.com/ak.html,State Information,,https://www.infoplease.com/us/states/alaska,False
2261,Alaska,https://www.refdesk.com/ak.html,Alaska Daily News,,https://www.adn.com/,False
2262,Alaska,https://www.refdesk.com/ak.html,Alaska Journal of Commerce,,https://www.alaskajournal.com/,False
2263,Alaska,https://www.refdesk.com/ak.html,Alaska Star,,https://www.alaskastar.com/,False
2264,Alaska,https://www.refdesk.com/ak.html,Anchorage Press,,https://www.anchoragepress.com/,False
2265,Alaska,https://www.refdesk.com/ak.html,Capital City Weekly,,https://www.juneauempire.com/tag/ccw/,False
2266,Alaska,https://www.refdesk.com/ak.html,Fairbanks Daily News-Miner,,https://www.newsminer.com/,False
2267,Alaska,https://www.refdesk.com/ak.html,Homer Tribune,,https://www.homertribune.com/,False
2268,Alaska,https://www.refdesk.com/ak.html,Juneau Empire,,https://www.juneauempire.com/,False
2269,Alaska,https://www.refdesk.com/ak.html,Ketchikan Daily News,,https://www.ketchikandailynews.com/,False
2270,Alaska,https://www.refdesk.com/ak.html,Kodiak Daily Mirror,,https://www.kodiakdailymirror.com/,False
2271,Alaska,https://www.refdesk.com/ak.html,Nome Nugget,,http://www.nomenugget.com/,False
2272,Alaska,https://www.refdesk.com/ak.html,Peninsula Clarion,,https://www.peninsulaclarion.com/,False
2273,Alaska,https://www.refdesk.com/ak.html,Petersburg Pilot,,https://www.petersburgpilot.com/,False
2274,Alaska,https://www.refdesk.com/ak.html,Mat-Su Valley Frontiersman,,https://www.frontiersman.com/,False
2287,Maryland,https://www.refdesk.com/md.html,,,https://www.google.com,False
2288,Maryland,https://www.refdesk.com/md.html,Search Tips/Tricks,,https://support.google.com/websearch,False
2291,Maryland,https://www.refdesk.com/md.html,State Information,,https://www.infoplease.com/us/states/maryland,False
2292,Maryland,https://www.refdesk.com/md.html,Baltimore City Paper,,https://www.baltimoresun.com/citypaper/,False
2293,Maryland,https://www.refdesk.com/md.html,"Baltimore Chronicle, The",,http://baltimorechronicle.com/,False
2294,Maryland,https://www.refdesk.com/md.html,"Baltimore Sun, The",,https://www.baltimoresun.com/,False
2295,Maryland,https://www.refdesk.com/md.html,Bayside Gazette,,https://baysideoc.com/,False
2296,Maryland,https://www.refdesk.com/md.html,Carroll County Times,,https://www.baltimoresun.com/maryland/carroll/,False
2297,Maryland,https://www.refdesk.com/md.html,Capital Gazette,,https://www.capitalgazette.com/,False
2298,Maryland,https://www.refdesk.com/md.html,Community Times,,https://www.baltimoresun.com/maryland/baltimore-county/,False
2299,Maryland,https://www.refdesk.com/md.html,Cumberland Times-News,,https://www.times-news.com/,False
2300,Maryland,https://www.refdesk.com/md.html,"Daily Record, The",,https://mddailyrecord.com/,False
2301,Maryland,https://www.refdesk.com/md.html,Delmarva Now,,https://www.delmarvanow.com/,False
2302,Maryland,https://www.refdesk.com/md.html,"Dundalk Eagle, The",,https://www.dundalkeagle.com/,False
2303,Maryland,https://www.refdesk.com/md.html,"East Baltimore Guide, The",,https://ebguide.com/,False
2304,Maryland,https://www.refdesk.com/md.html,Frederick News-Post,,https://www.fredericknewspost.com/,False
2305,Maryland,https://www.refdesk.com/md.html,Garrett County Gazette,,https://garrettcountygazette.com/,False
2306,Maryland,https://www.refdesk.com/md.html,Guilford Gazette,,https://www.guilfordgazette.com,False
2307,Maryland,https://www.refdesk.com/md.html,"Herald-Mail, The",,https://www.heraldmailmedia.com/,False
2308,Maryland,https://www.refdesk.com/md.html,Montgomery County Sentinel,,https://www.thesentinel.com/communities/montgomery/,False
2309,Maryland,https://www.refdesk.com/md.html,New Bay Times,,https://bayweekly.com/,False
2310,Maryland,https://www.refdesk.com/md.html,Prince George's Post,,http://www.pgpost.com,False
2311,Maryland,https://www.refdesk.com/md.html,Prince George's Sentinel,,https://www.thesentinel.com/communities/prince_george/,False
2312,Maryland,https://www.refdesk.com/md.html,"Republican, The",,https://www.wvnews.com/garrettrepublican/,False
2313,Maryland,https://www.refdesk.com/md.html,Star-Democrat Online,,https://www.stardem.com/,False
2326,Michigan,https://www.refdesk.com/mi.html,,,https://www.google.com,False
2327,Michigan,https://www.refdesk.com/mi.html,Search Tips/Tricks,,https://support.google.com/websearch,False
2330,Michigan,https://www.refdesk.com/mi.html,State Information,,https://www.infoplease.com/us/states/michigan,False
2331,Michigan,https://www.refdesk.com/mi.html,"Allegan County News, The",,http://www.allegannews.com/,False
2332,Michigan,https://www.refdesk.com/mi.html,Ann Arbor News,,https://www.mlive.com/news/ann-arbor/,False
2333,Michigan,https://www.refdesk.com/mi.html,Antrim Review,,http://www.antrimreview.net/,False
2334,Michigan,https://www.refdesk.com/mi.html,Battle Creek Enquirer,,https://www.battlecreekenquirer.com/,False
2335,Michigan,https://www.refdesk.com/mi.html,Bay City Times,,https://www.mlive.com/saginaw-bay-city/,False
2336,Michigan,https://www.refdesk.com/mi.html,Big Rapids Review,,https://www.bigrapidsnews.com/,False
2337,Michigan,https://www.refdesk.com/mi.html,Birmingham/Bloomfield Eccentric,,http://www.observer-eccentric.com/,False
2338,Michigan,https://www.refdesk.com/mi.html,"Cadillac Evening News, The",,https://www.cadillacnews.com/,False
2339,Michigan,https://www.refdesk.com/mi.html,Canton Observer,,http://www.observer-eccentric.com/,False
2340,Michigan,https://www.refdesk.com/mi.html,Cheboygan Daily Tribune,,https://www.cheboygannews.com/,False
2341,Michigan,https://www.refdesk.com/mi.html,"Chelsea Standard, The",,https://www.thenewsherald.com/,False
2342,Michigan,https://www.refdesk.com/mi.html,Clarkston Eccentric,,http://www.observer-eccentric.com/,False
2343,Michigan,https://www.refdesk.com/mi.html,Crain's Detroit Business,,https://www.crainsdetroit.com/,False
2344,Michigan,https://www.refdesk.com/mi.html,Crawford County Avalanche,,http://www.crawfordcountyavalanche.com/,False
2345,Michigan,https://www.refdesk.com/mi.html,"Daily Mining Gazette, The",,https://www.mininggazette.com/,False
2346,Michigan,https://www.refdesk.com/mi.html,"Daily News, The",,https://thedailynews.cc/,False
2347,Michigan,https://www.refdesk.com/mi.html,Daily News,,https://www.ironmountaindailynews.com,False
2348,Michigan,https://www.refdesk.com/mi.html,Daily Press,,https://www.dailypress.net/,False
2349,Michigan,https://www.refdesk.com/mi.html,"Daily Reporter, The",,https://www.thedailyreporter.com/,False
2350,Michigan,https://www.refdesk.com/mi.html,"Daily Telegram, The",,https://www.lenconnect.com/,False
2351,Michigan,https://www.refdesk.com/mi.html,"Dearborn Press and Guide, The",,https://www.pressandguide.com/,False
2352,Michigan,https://www.refdesk.com/mi.html,Detroit Free Press,,https://www.freep.com/,False
2353,Michigan,https://www.refdesk.com/mi.html,"Detroit News, The",,https://www.detroitnews.com/,False
2354,Michigan,https://www.refdesk.com/mi.html,Dexter Leader,,https://www.thenewsherald.com/,False
2355,Michigan,https://www.refdesk.com/mi.html,Dowagiac Daily News,,https://www.leaderpub.com/category/news/dowagiac-news/,False
2356,Michigan,https://www.refdesk.com/mi.html,"Evening News, The",,https://www.sooeveningnews.com/,False
2357,Michigan,https://www.refdesk.com/mi.html,Exponent,,http://www.theexponent.com/,False
2358,Michigan,https://www.refdesk.com/mi.html,Farmington Observer,,http://www.observer-eccentric.com/,False
2359,Michigan,https://www.refdesk.com/mi.html,Flint Journal,,https://www.mlive.com/flint/,False
2360,Michigan,https://www.refdesk.com/mi.html,Garden City Observer,,http://www.observer-eccentric.com/,False
2361,Michigan,https://www.refdesk.com/mi.html,Gaylord Herald Times,,https://www.petoskeynews.com/gaylord/,False
2362,Michigan,https://www.refdesk.com/mi.html,Gladwin County Record,,https://www.gladwinmi.com/,False
2363,Michigan,https://www.refdesk.com/mi.html,"Grand Haven Tribune, The",,https://www.grandhaventribune.com/,False
2364,Michigan,https://www.refdesk.com/mi.html,Grand Rapids Press,,https://www.mlive.com/grand-rapids-muskegon/,False
2365,Michigan,https://www.refdesk.com/mi.html,Grosse Pointe News,,https://www.grossepointenews.com/,False
2366,Michigan,https://www.refdesk.com/mi.html,Herald-Palladium,,https://www.heraldpalladium.com/,False
2367,Michigan,https://www.refdesk.com/mi.html,Houghton Lake Resorter,,https://www.houghtonlakeresorter.com/,False
2368,Michigan,https://www.refdesk.com/mi.html,"Ile Camera, The",,https://www.thenewsherald.com/,False
2369,Michigan,https://www.refdesk.com/mi.html,"Independent, The",,https://dundeeonline.com/,False
2370,Michigan,https://www.refdesk.com/mi.html,Jackson Citizen Patriot,,https://www.mlive.com/jackson/,False
2371,Michigan,https://www.refdesk.com/mi.html,Kalamazoo Gazette,,https://www.mlive.com/kalamazoo/,False
2372,Michigan,https://www.refdesk.com/mi.html,Lake Orion Eccentric,,http://www.observer-eccentric.com/,False
2373,Michigan,https://www.refdesk.com/mi.html,Lansing State Journal,,https://www.lansingstatejournal.com/,False
2374,Michigan,https://www.refdesk.com/mi.html,"Lapeer County Press, The",,https://thecountypress.mihomepaper.com/,False
2375,Michigan,https://www.refdesk.com/mi.html,"Leelanau Enterprise, The",,https://www.leelanaunews.com/,False
2376,Michigan,https://www.refdesk.com/mi.html,Livingston County Press,,https://www.livingstondaily.com/,False
2377,Michigan,https://www.refdesk.com/mi.html,Livonia Observer,,http://www.observer-eccentric.com/,False
2378,Michigan,https://www.refdesk.com/mi.html,Ludington Daily News,,https://www.shorelinemedia.net/ludington_daily_news/,False
2379,Michigan,https://www.refdesk.com/mi.html,"Macomb Daily, The",,https://www.macombdaily.com/,False
2380,Michigan,https://www.refdesk.com/mi.html,Manchester Enterprise,,https://www.thenewsherald.com/,False
2381,Michigan,https://www.refdesk.com/mi.html,Manistee News Advocate,,https://www.manisteenews.com/,False
2382,Michigan,https://www.refdesk.com/mi.html,Metro Times,,https://www.metrotimes.com/,False
2383,Michigan,https://www.refdesk.com/mi.html,Midland Daily News,,https://www.ourmidland.com/,False
2384,Michigan,https://www.refdesk.com/mi.html,Milan News,,https://www.thenewsherald.com/,False
2385,Michigan,https://www.refdesk.com/mi.html,Mining Journal,,https://www.miningjournal.net/,False
2386,Michigan,https://www.refdesk.com/mi.html,Monroe News,,https://www.monroenews.com/,False
2387,Michigan,https://www.refdesk.com/mi.html,Morning Sun,,https://www.themorningsun.com/,False
2388,Michigan,https://www.refdesk.com/mi.html,Muskegon Chronicle,,https://www.mlive.com/news/muskegon/,False
2389,Michigan,https://www.refdesk.com/mi.html,"News-Herald, The",,https://www.thenewsherald.com/,False
2390,Michigan,https://www.refdesk.com/mi.html,Northern Express,,https://www.northernexpress.com/,False
2391,Michigan,https://www.refdesk.com/mi.html,"Oakland Press, The",,https://www.theoaklandpress.com/,False
2392,Michigan,https://www.refdesk.com/mi.html,Observer & Eccentric Newspapers,,https://www.hometownlife.com/,False
2393,Michigan,https://www.refdesk.com/mi.html,Oceana's Herald-Journal,,https://www.shorelinemedia.net/oceanas_herald_journal/,False
2394,Michigan,https://www.refdesk.com/mi.html,Oxford Eccentric,,http://www.observer-eccentric.com/,False
2395,Michigan,https://www.refdesk.com/mi.html,Petoskey News-Review,,https://www.petoskeynews.com/,False
2396,Michigan,https://www.refdesk.com/mi.html,Plymouth Observer,,http://www.observer-eccentric.com/,False
2397,Michigan,https://www.refdesk.com/mi.html,Redford Observer,,http://www.observer-eccentric.com/,False
2398,Michigan,https://www.refdesk.com/mi.html,Rochester Eccentric,,http://www.observer-eccentric.com/,False
2399,Michigan,https://www.refdesk.com/mi.html,Saginaw News,,https://www.mlive.com/saginaw-bay-city/,False
2400,Michigan,https://www.refdesk.com/mi.html,Saline Reporter,,https://www.thenewsherald.com/,False
2401,Michigan,https://www.refdesk.com/mi.html,Sentinel-Standard,,https://www.sentinel-standard.com/,False
2402,Michigan,https://www.refdesk.com/mi.html,Southfield Eccentric,,http://www.observer-eccentric.com/,False
2403,Michigan,https://www.refdesk.com/mi.html,State News,,https://statenews.com/,False
2404,Michigan,https://www.refdesk.com/mi.html,Straitsland Resorter,,http://www.resorter.com/,False
2405,Michigan,https://www.refdesk.com/mi.html,Sturgis Journal,,https://www.sturgisjournal.com/,False
2406,Michigan,https://www.refdesk.com/mi.html,TimesHerald,,https://www.thetimesherald.com/,False
2407,Michigan,https://www.refdesk.com/mi.html,Times Indicator,,https://www.timesindicator.com/,False
2408,Michigan,https://www.refdesk.com/mi.html,Traverse City Record-Eagle,,https://www.record-eagle.com/,False
2409,Michigan,https://www.refdesk.com/mi.html,Tri-County Times,,https://www.tctimes.com/,False
2410,Michigan,https://www.refdesk.com/mi.html,Troy Eccentric,,http://www.observer-eccentric.com/,False
2411,Michigan,https://www.refdesk.com/mi.html,"Voice, The",,https://www.voicenews.com/,False
2412,Michigan,https://www.refdesk.com/mi.html,West Bloomfield-Lakes Eccentric,,http://www.observer-eccentric.com/,False
2413,Michigan,https://www.refdesk.com/mi.html,Westland Observer,,http://www.observer-eccentric.com/,False
2414,Michigan,https://www.refdesk.com/mi.html,White Lake Beacon,,https://www.shorelinemedia.net/white_lake_beacon/,False
2415,Michigan,https://www.refdesk.com/mi.html,Ypsilanti Courier,,https://www.thenewsherald.com/,False
2428,California,https://www.refdesk.com/ca.html,,,https://www.google.com,False
2429,California,https://www.refdesk.com/ca.html,Search Tips/Tricks,,https://support.google.com/websearch,False
2432,California,https://www.refdesk.com/ca.html,State Information,,https://www.infoplease.com/us/states/california,False
2433,California,https://www.refdesk.com/ca.html,"Almanac, The",,https://www.almanacnews.com/,False
2434,California,https://www.refdesk.com/ca.html,Amador Ledger Dispatch,,https://www.ledger.news/,False
2435,California,https://www.refdesk.com/ca.html,Antelope Valley Press,,https://www.avpress.com/,False
2436,California,https://www.refdesk.com/ca.html,Appeal-Democrat,,https://www.appeal-democrat.com/,False
2437,California,https://www.refdesk.com/ca.html,East Bay Times,,https://www.eastbaytimes.com/location/fremont/,False
2438,California,https://www.refdesk.com/ca.html,"Arcata Eye, The",,https://www.arcataeye.com/,False
2439,California,https://www.refdesk.com/ca.html,"Ark, The",,https://www.thearknewspaper.com/,False
2440,California,https://www.refdesk.com/ca.html,"Auburn Journal, The",,https://goldcountrymedia.com/live-content/auburn-journal/,False
2441,California,https://www.refdesk.com/ca.html,Bakersfield Californian,,https://www.bakersfield.com/,False
2442,California,https://www.refdesk.com/ca.html,Berkeley Daily Planet,,https://www.berkeleydailyplanet.com/issue/2021-01-17,False
2443,California,https://www.refdesk.com/ca.html,Big Bear Grizzly,,https://bigbeargrizzly.net/,False
2444,California,https://www.refdesk.com/ca.html,"Californian, The",,https://www.thecalifornian.com/,False
2445,California,https://www.refdesk.com/ca.html,Chico Enterprise-Record,,https://www.chicoer.com/,False
2446,California,https://www.refdesk.com/ca.html,Clovis Independent,,https://www.fresnobee.com/news/local/community/clovis-news/,False
2447,California,https://www.refdesk.com/ca.html,Coastal Post,,https://topbestsellerproduct.com/,False
2448,California,https://www.refdesk.com/ca.html,Community Voice,,https://www.thecommunityvoice.com/,False
2449,California,https://www.refdesk.com/ca.html,Coronado Eagle & Journal,,https://www.eaglenewsca.com/,False
2450,California,https://www.refdesk.com/ca.html,"Daily Democrat, The",,https://www.dailydemocrat.com/,False
2451,California,https://www.refdesk.com/ca.html,Daily Press,,https://www.vvdailypress.com/,False
2452,California,https://www.refdesk.com/ca.html,Daily Republic,,https://www.dailyrepublic.com/,False
2453,California,https://www.refdesk.com/ca.html,"Daily Republican, The",,https://www.dailyrepublican.com/,False
2454,California,https://www.refdesk.com/ca.html,Daily Review,,https://www.eastbaytimes.com/author/hayward-daily-review/,False
2455,California,https://www.refdesk.com/ca.html,"Daily Triplicate, The",,https://www.triplicate.com/,False
2456,California,https://www.refdesk.com/ca.html,"Davis Enterprise, The",,https://www.davisenterprise.com/,False
2457,California,https://www.refdesk.com/ca.html,Del Mar Times,,https://www.delmartimes.net/,False
2458,California,https://www.refdesk.com/ca.html,Desert Dispatch,,https://www.vvdailypress.com/desert-dispatch/,False
2459,California,https://www.refdesk.com/ca.html,"Desert Independent, The",,https://www.thedesertinde.com/,False
2460,California,https://www.refdesk.com/ca.html,"Desert Sun, The",,https://www.desertsun.com/,False
2461,California,https://www.refdesk.com/ca.html,"Desert Trail, The",,https://hidesertstar.com/live-content/desert-trail/,False
2462,California,https://www.refdesk.com/ca.html,East Bay Express,,https://www.eastbayexpress.com/oakland/Home,False
2463,California,https://www.refdesk.com/ca.html,East Bay Times,,https://www.eastbaytimes.com/,False
2464,California,https://www.refdesk.com/ca.html,El Observador,,https://el-observador.com/,False
2465,California,https://www.refdesk.com/ca.html,"Elk Grove Citizen, The",,https://www.egcitizen.com/,False
2466,California,https://www.refdesk.com/ca.html,Folsom Telegraph,,https://goldcountrymedia.com/live-content/the-folsom-telegraph/,False
2467,California,https://www.refdesk.com/ca.html,Escondido Times-Advocate,,https://www.times-advocate.com/,False
2468,California,https://www.refdesk.com/ca.html,Fontana Herald News,,https://www.fontanaheraldnews.com/,False
2469,California,https://www.refdesk.com/ca.html,Fort Bragg Advocate-Dispatch,,https://www.advocate-news.com/,False
2470,California,https://www.refdesk.com/ca.html,"Fresno Bee, The",,https://www.fresnobee.com/,False
2471,California,https://www.refdesk.com/ca.html,Fresno Republican,,https://www.fresnorepublican.com/,False
2472,California,https://www.refdesk.com/ca.html,Friday Flyer,,https://fridayflyer.com/,False
2473,California,https://www.refdesk.com/ca.html,"Galt Herald, The",,https://www.galtheraldonline.com/,False
2474,California,https://www.refdesk.com/ca.html,Gazette Newpapers,,https://www.gazettes.com/,False
2475,California,https://www.refdesk.com/ca.html,Good Times,,https://goodtimes.sc/,False
2476,California,https://www.refdesk.com/ca.html,Half Moon Bay Review,,https://www.hmbreview.com/,False
2477,California,https://www.refdesk.com/ca.html,Hi Desert Star,,https://hidesertstar.com/,False
2478,California,https://www.refdesk.com/ca.html,Hollywood Reporter,,https://www.hollywoodreporter.com/,False
2479,California,https://www.refdesk.com/ca.html,Huntington Beach News,,http://www.hbnews.us/,False
2480,California,https://www.refdesk.com/ca.html,Idyllwild Town Crier,,https://idyllwildtowncrier.com/,False
2481,California,https://www.refdesk.com/ca.html,"Independent, The",,https://www.independentnews.com/,False
2482,California,https://www.refdesk.com/ca.html,Inland Valley Daily Bulletin,,https://www.dailybulletin.com/,False
2483,California,https://www.refdesk.com/ca.html,InsideBayArea,,https://www.eastbaytimes.com/,False
2484,California,https://www.refdesk.com/ca.html,"Inyo Register, The",,https://inyoregister.com/,False
2485,California,https://www.refdesk.com/ca.html,Kern Valley Sun,,https://kernvalleysun.com/,False
2486,California,https://www.refdesk.com/ca.html,La Canada Valley Sun,,http://www.lacanadaonline.com/,False
2487,California,https://www.refdesk.com/ca.html,La Opinion,,https://laopinion.com/,False
2488,California,https://www.refdesk.com/ca.html,La Prensa,,http://www.laprensa-sandiego.org/,False
2489,California,https://www.refdesk.com/ca.html,LA Weekly,,https://www.laweekly.com/,False
2490,California,https://www.refdesk.com/ca.html,Lassen County News,,https://www.lassennews.com/,False
2491,California,https://www.refdesk.com/ca.html,Lake County Record-Bee,,https://www.record-bee.com/,False
2492,California,https://www.refdesk.com/ca.html,Lodi News-Sentinel,,https://www.lodinews.com/,False
2493,California,https://www.refdesk.com/ca.html,"Lompoc Record, The",,https://lompocrecord.com/,False
2494,California,https://www.refdesk.com/ca.html,Long Beach Press-Telegram,,https://www.presstelegram.com/,False
2495,California,https://www.refdesk.com/ca.html,Los Angeles Daily News,,https://www.dailynews.com/,False
2496,California,https://www.refdesk.com/ca.html,Los Angeles Times,,https://www.latimes.com/,False
2497,California,https://www.refdesk.com/ca.html,Los Banos Enterprise,,https://www.losbanosenterprise.com/,False
2498,California,https://www.refdesk.com/ca.html,"Los Gatos Weekly Times, The",,https://www.mercurynews.com/location/los-gatos/,False
2499,California,https://www.refdesk.com/ca.html,Los Altos Town Crier,,https://www.losaltosonline.com/,False
2500,California,https://www.refdesk.com/ca.html,"Malibu Times, The",,https://www.malibutimes.com/,False
2501,California,https://www.refdesk.com/ca.html,Mammoth Times,,https://mammothtimes.com/,False
2502,California,https://www.refdesk.com/ca.html,Marin Independent-Journal,,https://www.marinij.com/,False
2503,California,https://www.refdesk.com/ca.html,Marinscope Community Newspapers,,https://marinlocalnews.com/,False
2504,California,https://www.refdesk.com/ca.html,"Mendocino Beacon, The",,https://www.mendocinobeacon.com/,False
2505,California,https://www.refdesk.com/ca.html,Merced Sun-Star,,https://www.mercedsunstar.com/,False
2506,California,https://www.refdesk.com/ca.html,Metro,,https://www.metroactive.com/,False
2507,California,https://www.refdesk.com/ca.html,"Modesto Bee, The",,https://www.modbee.com/,False
2508,California,https://www.refdesk.com/ca.html,"Modoc County Record, The",,https://www.modocrecord.com/,False
2509,California,https://www.refdesk.com/ca.html,Monterey County Herald,,https://www.montereyherald.com/,False
2510,California,https://www.refdesk.com/ca.html,Mount Shasta Herald,,https://www.mtshastanews.com/,False
2511,California,https://www.refdesk.com/ca.html,Mountain Democrat Online,,https://www.mtdemocrat.com/,False
2512,California,https://www.refdesk.com/ca.html,"Mountain Enterprise, The",,https://mountainenterprise.com/,False
2513,California,https://www.refdesk.com/ca.html,Mountain News,,https://mountain-news.com/,False
2514,California,https://www.refdesk.com/ca.html,Mountain View Voice,,https://www.mv-voice.com/,False
2515,California,https://www.refdesk.com/ca.html,myMotherLode,,https://www.mymotherlode.com/,False
2516,California,https://www.refdesk.com/ca.html,"Napa Valley Register, The",,https://napavalleyregister.com/,False
2517,California,https://www.refdesk.com/ca.html,New Times SLO,,https://www.newtimesslo.com/,False
2518,California,https://www.refdesk.com/ca.html,News & Review,,https://chico.newsreview.com/,False
2519,California,https://www.refdesk.com/ca.html,"North Bay Business Journal, The",,https://www.northbaybusinessjournal.com/,False
2520,California,https://www.refdesk.com/ca.html,Ojai Valley News,,https://www.ojaivalleynews.com/,False
2521,California,https://www.refdesk.com/ca.html,Orange County Business Journal,,https://www.ocbj.com/,False
2522,California,https://www.refdesk.com/ca.html,Orange County Register,,https://www.ocregister.com/,False
2523,California,https://www.refdesk.com/ca.html,Orange County Weekly,,https://www.ocweekly.com/,False
2524,California,https://www.refdesk.com/ca.html,Oroville Mercury-Register,,https://www.orovillemr.com/,False
2525,California,https://www.refdesk.com/ca.html,Pacifica Tribune,,http://pacificatribune.ca.newsmemory.com/,False
2526,California,https://www.refdesk.com/ca.html,Palo Verde/Quartzsite Times,,https://www.pvvt.com/,False
2527,California,https://www.refdesk.com/ca.html,Pasadena Star-News,,https://www.pasadenastarnews.com/,False
2528,California,https://www.refdesk.com/ca.html,Petaluma Argus-Courier,,https://www.petaluma360.com/,False
2529,California,https://www.refdesk.com/ca.html,Plumas County News,,https://www.plumasnews.com/,False
2530,California,https://www.refdesk.com/ca.html,Point Reyes Light,,https://www.ptreyeslight.com/,False
2531,California,https://www.refdesk.com/ca.html,Porterville Recorder,,https://www.recorderonline.com/,False
2532,California,https://www.refdesk.com/ca.html,"Press Democrat, The",,https://www.pressdemocrat.com/,False
2533,California,https://www.refdesk.com/ca.html,"Press Enterprise, The",,https://www.pe.com/,False
2534,California,https://www.refdesk.com/ca.html,"Press Tribune, The",,https://goldcountrymedia.com/live-content/the-press-tribune/,False
2535,California,https://www.refdesk.com/ca.html,Ramona Sentinel,,https://www.sandiegouniontribune.com/ramona-sentinel/,False
2536,California,https://www.refdesk.com/ca.html,Recordnet.com,,https://www.recordnet.com/,False
2537,California,https://www.refdesk.com/ca.html,Red Bluff Daily News,,https://www.redbluffdailynews.com/,False
2538,California,https://www.refdesk.com/ca.html,Redding Record-Searchlight,,https://www.redding.com/,False
2539,California,https://www.refdesk.com/ca.html,Redlands Daily Facts,,https://www.redlandsdailyfacts.com/,False
2540,California,https://www.refdesk.com/ca.html,"Reporter, The",,https://www.thereporter.com/,False
2541,California,https://www.refdesk.com/ca.html,St. Helena Star,,https://napavalleyregister.com/community/star/,False
2542,California,https://www.refdesk.com/ca.html,Sacramento Bee,,https://www.sacbee.com/,False
2543,California,https://www.refdesk.com/ca.html,Sacramento Business Journal,,https://www.bizjournals.com/sacramento/,False
2544,California,https://www.refdesk.com/ca.html,"San Bernardino County Sun, The",,https://www.sbsun.com/,False
2545,California,https://www.refdesk.com/ca.html,San Diego Community Newspaper Group,,http://www.sdnews.com/,False
2546,California,https://www.refdesk.com/ca.html,San Diego Daily Transcript,,http://www.sddt.com/,False
2547,California,https://www.refdesk.com/ca.html,San Diego RanchCoast News,,https://ranchandcoast.com/,False
2548,California,https://www.refdesk.com/ca.html,San Diego Reader,,https://www.sandiegoreader.com/,False
2549,California,https://www.refdesk.com/ca.html,San Diego Union Tribune,,https://www.sandiegouniontribune.com/,False
2550,California,https://www.refdesk.com/ca.html,San Francisco Business Times,,https://www.bizjournals.com/sanfrancisco/,False
2551,California,https://www.refdesk.com/ca.html,San Francisco Chronicle,,https://www.sfchronicle.com/,False
2552,California,https://www.refdesk.com/ca.html,San Francisco Examiner,,https://www.sfexaminer.com/,False
2553,California,https://www.refdesk.com/ca.html,San Francisco Times,,http://www.zpub.com/sf/sf-news.html,False
2554,California,https://www.refdesk.com/ca.html,San Gabriel Valley Tribune,,https://www.sgvtribune.com/,False
2555,California,https://www.refdesk.com/ca.html,San Jose Business Journal,,https://www.bizjournals.com/sanjose/,False
2556,California,https://www.refdesk.com/ca.html,San Jose Mercury News,,https://www.mercurynews.com/,False
2557,California,https://www.refdesk.com/ca.html,San Luis Obispo Telegram-Tribune,,https://www.sanluisobispo.com/,False
2558,California,https://www.refdesk.com/ca.html,"San Mateo County Times, The",,https://www.mercurynews.com/san-mateo-county/,False
2559,California,https://www.refdesk.com/ca.html,Santa Barbara Independent,,https://www.independent.com/,False
2560,California,https://www.refdesk.com/ca.html,Santa Barbara News-Press,,https://newspress.com/,False
2561,California,https://www.refdesk.com/ca.html,Santa Cruz County Sentinel,,https://www.santacruzsentinel.com/,False
2562,California,https://www.refdesk.com/ca.html,Santa Monica Mirror,,https://smmirror.com/,False
2563,California,https://www.refdesk.com/ca.html,Santa Paula Times,,https://santapaulatimes.com/,False
2564,California,https://www.refdesk.com/ca.html,"Saratoga News, The",,https://www.mercurynews.com/location/saratoga/,False
2565,California,https://www.refdesk.com/ca.html,Selma Enterprise,,https://hanfordsentinel.com/community/selma_enterprise/,False
2566,California,https://www.refdesk.com/ca.html,Sierra Star,,https://www.sierrastar.com/,False
2567,California,https://www.refdesk.com/ca.html,"Signal, The",,https://signalscv.com/,False
2568,California,https://www.refdesk.com/ca.html,Silicon Valley News,,https://www.siliconvalley.com/,False
2569,California,https://www.refdesk.com/ca.html,Siskiyou Daily,,https://www.siskiyoudaily.com/,False
2570,California,https://www.refdesk.com/ca.html,Sonoma Index-Tribune,,https://www.sonomanews.com/,False
2571,California,https://www.refdesk.com/ca.html,"Star-News, The",,https://www.pasadenastarnews.com/,False
2572,California,https://www.refdesk.com/ca.html,"Sunnyvale Sun, The",,https://www.mercurynews.com/location/sunnyvale/,False
2573,California,https://www.refdesk.com/ca.html,Tahoe Daily Tribune,,https://www.tahoedailytribune.com/,False
2574,California,https://www.refdesk.com/ca.html,Tehachapi News,,https://www.tehachapinews.com/,False
2575,California,https://www.refdesk.com/ca.html,Times-Standard,,https://www.times-standard.com/,False
2576,California,https://www.refdesk.com/ca.html,Topanga Messenger,,http://www.topangamessenger.com/,False
2577,California,https://www.refdesk.com/ca.html,Tracy Press,,https://www.ttownmedia.com/tracy_press/,False
2578,California,https://www.refdesk.com/ca.html,Tri-Valley Herald,,https://www.eastbaytimes.com/location/tri-valley/,False
2579,California,https://www.refdesk.com/ca.html,Turlock Journal,,https://www.turlockjournal.com/,False
2580,California,https://www.refdesk.com/ca.html,"Ukiah Daily, The",,https://www.ukiahdailyjournal.com/,False
2581,California,https://www.refdesk.com/ca.html,"Union, The",,https://www.theunion.com/,False
2582,California,https://www.refdesk.com/ca.html,"Union Democrat, The",,https://www.uniondemocrat.com/,False
2583,California,https://www.refdesk.com/ca.html,Vacaville Reporter,,https://www.thereporter.com/,False
2584,California,https://www.refdesk.com/ca.html,"Vallejo Times-Herald, The",,https://www.timesheraldonline.com/,False
2585,California,https://www.refdesk.com/ca.html,"Valley Chronicle, The",,https://thevalleychronicle.com/,False
2586,California,https://www.refdesk.com/ca.html,Valley Press-Banner,,https://pressbanner.com/,False
2587,California,https://www.refdesk.com/ca.html,Valley Roadrunner,,https://www.valleycenter.com/,False
2588,California,https://www.refdesk.com/ca.html,Variety,,https://variety.com/,False
2589,California,https://www.refdesk.com/ca.html,Ventura County Star,,https://www.vcstar.com/,False
2590,California,https://www.refdesk.com/ca.html,Vida en el Valle,,https://www.vidaenelvalle.com/,False
2591,California,https://www.refdesk.com/ca.html,Whittier Daily News,,https://www.whittierdailynews.com/,False
2592,California,https://www.refdesk.com/ca.html,Willows Journal,,https://www.willows-journal.com/,False
2605,New Hampshire,https://www.refdesk.com/nh.html,,,https://www.google.com,False
2606,New Hampshire,https://www.refdesk.com/nh.html,Search Tips/Tricks,,https://support.google.com/websearch,False
2609,New Hampshire,https://www.refdesk.com/nh.html,State Information,,https://www.infoplease.com/us/states/new-hampshire,False
2610,New Hampshire,https://www.refdesk.com/nh.html,Bedford Bulletin,,https://www.bedfordbulletin.com/,False
2611,New Hampshire,https://www.refdesk.com/nh.html,Bow Times,,http://thebowtimes.com/,False
2612,New Hampshire,https://www.refdesk.com/nh.html,Concord Monitor,,https://www.concordmonitor.com/,False
2613,New Hampshire,https://www.refdesk.com/nh.html,"Conway Daily Sun, The",,https://www.conwaydailysun.com/,False
2614,New Hampshire,https://www.refdesk.com/nh.html,Dartmouth Online,,https://www.thedartmouth.com/,False
2615,New Hampshire,https://www.refdesk.com/nh.html,Derry News Online,,https://www.derrynews.com/,False
2616,New Hampshire,https://www.refdesk.com/nh.html,Eagle Times Online,,https://www.eagle-times.com/,False
2617,New Hampshire,https://www.refdesk.com/nh.html,Fosters Daily Democrat,,https://www.fosters.com/,False
2618,New Hampshire,https://www.refdesk.com/nh.html,Granite State News,,http://granitestatenews.com,False
2619,New Hampshire,https://www.refdesk.com/nh.html,Hippo Press,,https://hippopress.com/,False
2620,New Hampshire,https://www.refdesk.com/nh.html,Hooksett Banner,,https://www.unionleader.com/nni/hooksett_banner/,False
2621,New Hampshire,https://www.refdesk.com/nh.html,Keene Sentinel,,https://www.sentinelsource.com,False
2622,New Hampshire,https://www.refdesk.com/nh.html,Milford Cabinet and Wilton Journal,,https://www.cabinet.com,False
2623,New Hampshire,https://www.refdesk.com/nh.html,Monadnock Ledger-Transcript,,https://www.ledgertranscript.com/,False
2624,New Hampshire,https://www.refdesk.com/nh.html,News and Sentinel,,https://www.colbsent.com,False
2625,New Hampshire,https://www.refdesk.com/nh.html,Portsmouth Herald,,https://www.seacoastonline.com/,False
2626,New Hampshire,https://www.refdesk.com/nh.html,"Telegraph, The",,https://www.nashuatelegraph.com/,False
2627,New Hampshire,https://www.refdesk.com/nh.html,"Union Leader, The",,https://www.unionleader.com/,False
2628,New Hampshire,https://www.refdesk.com/nh.html,The Weirs Times,,https://weirs.com/,False
2641,New Jersey,https://www.refdesk.com/nj.html,,,https://www.google.com,False
2642,New Jersey,https://www.refdesk.com/nj.html,Search Tips/Tricks,,https://support.google.com/websearch,False
2645,New Jersey,https://www.refdesk.com/nj.html,State Information,,https://www.infoplease.com/us/states/new-jersey,False
2646,New Jersey,https://www.refdesk.com/nj.html,Asbury Park Press,,https://www.app.com/,False
2647,New Jersey,https://www.refdesk.com/nj.html,Atlantic Highlands Herald,,https://www.ahherald.com/,False
2648,New Jersey,https://www.refdesk.com/nj.html,Burlington County Times,,https://www.phillyburbs.com/,False
2649,New Jersey,https://www.refdesk.com/nj.html,Business News NJ,,https://njbiz.com/,False
2650,New Jersey,https://www.refdesk.com/nj.html,Cape May County Herald,,https://www.capemaycountyherald.com/,False
2651,New Jersey,https://www.refdesk.com/nj.html,"Coast Star, The",,https://starnewsgroup.com/,False
2652,New Jersey,https://www.refdesk.com/nj.html,"Courier News, The",,https://www.mycentraljersey.com/,False
2653,New Jersey,https://www.refdesk.com/nj.html,"Courier-Post, The",,https://www.courierpostonline.com/,False
2654,New Jersey,https://www.refdesk.com/nj.html,"Daily Journal, The",,https://www.thedailyjournal.com/,False
2655,New Jersey,https://www.refdesk.com/nj.html,Daily Record,,https://www.dailyrecord.com/,False
2656,New Jersey,https://www.refdesk.com/nj.html,East Orange Record,,https://essexnewsdaily.com/category/news/eastorange,False
2657,New Jersey,https://www.refdesk.com/nj.html,Gloucester County Times,,http://www.nj.com/gloucester/,False
2658,New Jersey,https://www.refdesk.com/nj.html,"Hammonton Gazette, The",,https://www.hammontongazette.com/,False
2659,New Jersey,https://www.refdesk.com/nj.html,Hunterdon County Democrat,,https://www.nj.com/hunterdon-county-democrat/,False
2660,New Jersey,https://www.refdesk.com/nj.html,"Madison Eagle, The",,https://www.newjerseyhills.com/madison_eagle/,False
2661,New Jersey,https://www.refdesk.com/nj.html,"Montclair Times, The",,https://www.northjersey.com/local/montclair/,False
2662,New Jersey,https://www.refdesk.com/nj.html,"New Jersey Herald, The",,https://www.njherald.com/,False
2663,New Jersey,https://www.refdesk.com/nj.html,North Jersey Herald & News,,https://www.heraldandnews.net/,False
2664,New Jersey,https://www.refdesk.com/nj.html,New Jersey Lawyer Weekly,,http://www.njlnews.com/,False
2665,New Jersey,https://www.refdesk.com/nj.html,New Jersey Online,,https://www.nj.com/,False
2666,New Jersey,https://www.refdesk.com/nj.html,NorthJersey.com,,https://www.northjersey.com/,False
2667,New Jersey,https://www.refdesk.com/nj.html,"Press, The",,https://pressofatlanticcity.com/,False
2668,New Jersey,https://www.refdesk.com/nj.html,Princeton Packet,,https://centraljersey.com/princeton-packet/,False
2669,New Jersey,https://www.refdesk.com/nj.html,Princeton Town Topics,,http://www.towntopics.com/,False
2670,New Jersey,https://www.refdesk.com/nj.html,"Star-Ledger, The",,https://www.nj.com/starledger/,False
2671,New Jersey,https://www.refdesk.com/nj.html,"Times, The",,https://www.goleader.com/,False
2672,New Jersey,https://www.refdesk.com/nj.html,Times-Beacon Newspapers,,https://www.app.com/,False
2673,New Jersey,https://www.refdesk.com/nj.html,"Trenton Times, The",,https://www.nj.com/times/,False
2674,New Jersey,https://www.refdesk.com/nj.html,"Trentonian, The",,https://www.trentonian.com/,False
2675,New Jersey,https://www.refdesk.com/nj.html,U.S. 1,,https://www.communitynews.org/princetoninfo/,False
2676,New Jersey,https://www.refdesk.com/nj.html,"Westfield Leader, The",,http://www.goleader.com/,False
2689,Texas,https://www.refdesk.com/tx.html,,,https://www.google.com,False
2690,Texas,https://www.refdesk.com/tx.html,Search Tips/Tricks,,https://support.google.com/websearch,False
2693,Texas,https://www.refdesk.com/tx.html,State Information,,https://www.infoplease.com/us/states/texas,False
2694,Texas,https://www.refdesk.com/tx.html,Abilene Reporter-News,,https://www.reporternews.com/,False
2695,Texas,https://www.refdesk.com/tx.html,Alice Echo-News Journal,,https://www.alicetx.com/,False
2696,Texas,https://www.refdesk.com/tx.html,"Allen American, The",,https://starlocalmedia.com/allenamerican/,False
2697,Texas,https://www.refdesk.com/tx.html,Alpine Avalanche,,https://www.alpineavalanche.com/,False
2698,Texas,https://www.refdesk.com/tx.html,Amarillo Globe News,,https://www.amarillo.com/,False
2699,Texas,https://www.refdesk.com/tx.html,"Anahuac Progress, The",,https://www.theanahuacprogress.com/,False
2700,Texas,https://www.refdesk.com/tx.html,"Athens Daily Review, The",,https://www.athensreview.com/,False
2701,Texas,https://www.refdesk.com/tx.html,Austin American Statesman,,https://www.statesman.com/,False
2702,Texas,https://www.refdesk.com/tx.html,Austin Business Journal,,https://www.bizjournals.com/austin/,False
2703,Texas,https://www.refdesk.com/tx.html,Austin Chronicle,,https://www.austinchronicle.com/,False
2704,Texas,https://www.refdesk.com/tx.html,"Bandera Bulletin, The",,https://www.banderabulletin.com/,False
2705,Texas,https://www.refdesk.com/tx.html,"Battalion, The",,https://www.thebatt.com/,False
2706,Texas,https://www.refdesk.com/tx.html,"Baytown Sun, The",,https://baytownsun.com/,False
2707,Texas,https://www.refdesk.com/tx.html,Beeville Bee-Picayune,,https://www.bee-picayune.com/,False
2708,Texas,https://www.refdesk.com/tx.html,Beaumont Enterprise,,https://www.beaumontenterprise.com/,False
2709,Texas,https://www.refdesk.com/tx.html,"Brazoria Facts, The",,https://thefacts.com/,False
2710,Texas,https://www.refdesk.com/tx.html,Breckenridge American,,https://www.breckenridgeamerican.com/,False
2711,Texas,https://www.refdesk.com/tx.html,"Brownsville Herald, The",,https://myrgv.com/,False
2712,Texas,https://www.refdesk.com/tx.html,Brownfield News,,https://www.brownfieldonline.com/,False
2713,Texas,https://www.refdesk.com/tx.html,Brownwood Bulletin,,https://www.brownwoodtx.com/,False
2714,Texas,https://www.refdesk.com/tx.html,"Bryan-College Station Eagle, The",,https://theeagle.com/,False
2715,Texas,https://www.refdesk.com/tx.html,Weekly Bulletin,,http://www.mybulletinnewspaper.com/,False
2716,Texas,https://www.refdesk.com/tx.html,Cameron Herald,,https://www.cameronherald.com/,False
2717,Texas,https://www.refdesk.com/tx.html,"Canyon News, The",,http://www.canyonnews.com/,False
2718,Texas,https://www.refdesk.com/tx.html,"Cedar Creek Pilot, The",,https://www.athensreview.com/,False
2719,Texas,https://www.refdesk.com/tx.html,Clifton Record Online,,https://www.bosquecountytoday.com/,False
2720,Texas,https://www.refdesk.com/tx.html,"Community News, The",,https://www.community-news.com/,False
2721,Texas,https://www.refdesk.com/tx.html,Coppell Gazette,,https://starlocalmedia.com/coppellgazette/,False
2722,Texas,https://www.refdesk.com/tx.html,"Corpus Christi Caller-Times, The",,https://www.caller.com/,False
2723,Texas,https://www.refdesk.com/tx.html,"Corsicana Daily Sun, The",,https://www.corsicanadailysun.com/,False
2724,Texas,https://www.refdesk.com/tx.html,"Courier, The",,https://www.yourconroenews.com/,False
2725,Texas,https://www.refdesk.com/tx.html,Courier-Gazette,,https://starlocalmedia.com/mckinneycouriergazette/,False
2726,Texas,https://www.refdesk.com/tx.html,"Cuero Record, The",,https://www.cuerorecord.com/,False
2727,Texas,https://www.refdesk.com/tx.html,Daily Sentinel,,https://www.dailysentinel.com/,False
2728,Texas,https://www.refdesk.com/tx.html,Dallas Business Journal,,https://www.bizjournals.com/dallas/,False
2729,Texas,https://www.refdesk.com/tx.html,Dallas Morning News,,https://www.dallasnews.com/,False
2730,Texas,https://www.refdesk.com/tx.html,Dallas Observer,,https://www.dallasobserver.com/,False
2731,Texas,https://www.refdesk.com/tx.html,Denton Record-Chronicle,,https://dentonrc.com/,False
2732,Texas,https://www.refdesk.com/tx.html,"Dispatch Record, The",,https://www.lampasasdispatchrecord.com/,False
2733,Texas,https://www.refdesk.com/tx.html,"Eagle Press, The",,https://www.eglprs.com/,False
2734,Texas,https://www.refdesk.com/tx.html,"El Campo Leader-News, The",,http://www.leader-news.com/,False
2735,Texas,https://www.refdesk.com/tx.html,El Paso Times,,https://www.elpasotimes.com/,False
2736,Texas,https://www.refdesk.com/tx.html,Ellis County Press,,https://www.elliscountypress.com/,False
2737,Texas,https://www.refdesk.com/tx.html,"Examiner, The",,https://www.theexaminer.com/,False
2738,Texas,https://www.refdesk.com/tx.html,Forward Times,,https://forwardtimes.com/,False
2739,Texas,https://www.refdesk.com/tx.html,Fort Worth Star-Telegram,,https://www.star-telegram.com/,False
2740,Texas,https://www.refdesk.com/tx.html,Fredericksburg Standard,,https://www.fredericksburgstandard.com/,False
2741,Texas,https://www.refdesk.com/tx.html,Gainesville Daily Register,,https://www.gainesvilleregister.com/,False
2742,Texas,https://www.refdesk.com/tx.html,Galveston County Daily News,,https://www.galvnews.com/,False
2743,Texas,https://www.refdesk.com/tx.html,"Gazette-Enterprise, The",,http://www.seguingazette.com/,False
2744,Texas,https://www.refdesk.com/tx.html,Gilmer Mirror,,http://www.gilmermirror.com/,False
2745,Texas,https://www.refdesk.com/tx.html,Gonzales Inquirer,,https://gonzalesinquirer.com/,False
2746,Texas,https://www.refdesk.com/tx.html,Hamilton Herald-News,,https://www.thehamiltonherald-news.com/,False
2747,Texas,https://www.refdesk.com/tx.html,"Herald Democrat, The",,https://www.heralddemocrat.com/,False
2748,Texas,https://www.refdesk.com/tx.html,Herald-Press,,https://www.palestineherald.com/,False
2749,Texas,https://www.refdesk.com/tx.html,"Highlander, The",,https://www.highlandernews.com/,False
2750,Texas,https://www.refdesk.com/tx.html,Hood County News,,https://www.hcnews.com/,False
2751,Texas,https://www.refdesk.com/tx.html,Houston Business Journal,,https://www.bizjournals.com/houston/,False
2752,Texas,https://www.refdesk.com/tx.html,Houston Chronicle,,https://www.chron.com/,False
2753,Texas,https://www.refdesk.com/tx.html,HoweEnterprise.com,,https://howeenterprise.com/,False
2754,Texas,https://www.refdesk.com/tx.html,"Huntsville Item, The",,https://www.itemonline.com/,False
2755,Texas,https://www.refdesk.com/tx.html,"Jacksonville Daily Progress, The",,https://www.jacksonvilleprogress.com/,False
2756,Texas,https://www.refdesk.com/tx.html,Junction Eagle,,http://www.junctioneagle.com/,False
2757,Texas,https://www.refdesk.com/tx.html,Katy Times,,http://www.katytimes.com/,False
2758,Texas,https://www.refdesk.com/tx.html,Kerrville Daily Times,,https://dailytimes.com/,False
2759,Texas,https://www.refdesk.com/tx.html,"Kilgore News Herald, The",,https://www.kilgorenewsherald.com/,False
2760,Texas,https://www.refdesk.com/tx.html,"Killeen Daily Herald, The",,https://kdhnews.com/,False
2761,Texas,https://www.refdesk.com/tx.html,Lampasas Dispatch Record,,https://www.lampasasdispatchrecord.com/,False
2762,Texas,https://www.refdesk.com/tx.html,"Laredo Morning Times, The",,https://www.lmtonline.com/,False
2763,Texas,https://www.refdesk.com/tx.html,Lewisville News,,https://www.dallasnews.com/localnews/city/denton/,False
2764,Texas,https://www.refdesk.com/tx.html,Lewisville Leader,,https://starlocalmedia.com/lewisvilleleader/,False
2765,Texas,https://www.refdesk.com/tx.html,Lockhart Post-Register,,https://post-register.com/,False
2766,Texas,https://www.refdesk.com/tx.html,Longview News-Journal,,https://www.news-journal.com/,False
2767,Texas,https://www.refdesk.com/tx.html,Lubbock Avalanche-Journal,,https://www.lubbockonline.com/,False
2768,Texas,https://www.refdesk.com/tx.html,Lubbock Online,,https://www.lubbockonline.com/,False
2769,Texas,https://www.refdesk.com/tx.html,"Mesquite News, The",,https://starlocalmedia.com/mesquitenews/,False
2770,Texas,https://www.refdesk.com/tx.html,Midland Reporter-Telegram,,https://www.mrt.com/,False
2771,Texas,https://www.refdesk.com/tx.html,"Monitor, The",,https://myrgv.com/,False
2772,Texas,https://www.refdesk.com/tx.html,"Monitor, The",,https://www.themonitor.net/,False
2773,Texas,https://www.refdesk.com/tx.html,Navasota Examiner,,https://www.navasotaexaminer.com/,False
2774,Texas,https://www.refdesk.com/tx.html,"New Braunfels Ferald-Zeitung, The",,http://www.herald-zeitung.com/,False
2775,Texas,https://www.refdesk.com/tx.html,Nueces County Record Star,,https://www.recordstar.com/,False
2776,Texas,https://www.refdesk.com/tx.html,"Odessa American, The",,https://www.oaoa.com/,False
2777,Texas,https://www.refdesk.com/tx.html,Optic Herald,,https://www.mt-vernon.com/,False
2778,Texas,https://www.refdesk.com/tx.html,Orange Leader,,https://www.orangeleader.com/,False
2779,Texas,https://www.refdesk.com/tx.html,"Ozona Stockman, The",,https://www.ozona.com/,False
2780,Texas,https://www.refdesk.com/tx.html,Palacios Beacon,,https://palaciosbeacon.com/,False
2781,Texas,https://www.refdesk.com/tx.html,Palestine Herald Press,,https://www.palestineherald.com/,False
2782,Texas,https://www.refdesk.com/tx.html,"Paris News, The",,https://theparisnews.com/,False
2783,Texas,https://www.refdesk.com/tx.html,"Pasadena Citizen, The",,https://www.houstonchronicle.com/neighborhood/pasadena/,False
2784,Texas,https://www.refdesk.com/tx.html,"Plano Star Courier, The",,https://starlocalmedia.com/planocourier/,False
2785,Texas,https://www.refdesk.com/tx.html,Pleasanton Express,,https://www.pleasantonexpress.com/,False
2786,Texas,https://www.refdesk.com/tx.html,"Polk County Enterprise, The",,https://www.easttexasnews.com/,False
2787,Texas,https://www.refdesk.com/tx.html,Port Lavaca Wave,,http://www.portlavacawave.com/,False
2788,Texas,https://www.refdesk.com/tx.html,"Progress, The",,https://www.the-progress.com/,False
2789,Texas,https://www.refdesk.com/tx.html,Rains County Leader,,http://rainscountyleader.com/,False
2790,Texas,https://www.refdesk.com/tx.html,"Rockdale Reporter, The",,https://www.rockdalereporter.com/,False
2791,Texas,https://www.refdesk.com/tx.html,"Round Rock Leader, The",,https://www.statesman.com/round-rock/,False
2792,Texas,https://www.refdesk.com/tx.html,San Angelo Standard-Times,,https://www.gosanangelo.com/,False
2793,Texas,https://www.refdesk.com/tx.html,San Antonio Business Journal,,https://www.bizjournals.com/sanantonio/,False
2794,Texas,https://www.refdesk.com/tx.html,"San Antonio Express-News, The",,https://www.expressnews.com/,False
2795,Texas,https://www.refdesk.com/tx.html,San Marcos Daily Record,,https://www.sanmarcosrecord.com/,False
2796,Texas,https://www.refdesk.com/tx.html,Seminole Sentinel,,https://www.seminolesentinel.com/,False
2797,Texas,https://www.refdesk.com/tx.html,Stephenville Empire-Tribune,,https://www.yourstephenvilletx.com/,False
2798,Texas,https://www.refdesk.com/tx.html,Sweetwater Reporter,,https://www.sweetwaterreporter.com/,False
2799,Texas,https://www.refdesk.com/tx.html,Snyder Daily News,,https://www.thesnydernews.com/,False
2800,Texas,https://www.refdesk.com/tx.html,"Temple Daily Telegram, The",,https://www.tdtnews.com/,False
2801,Texas,https://www.refdesk.com/tx.html,"Terrell Tribune, The",,https://www.terrelltribune.com/,False
2802,Texas,https://www.refdesk.com/tx.html,"Texarkana Gazette, The",,https://www.texarkanagazette.com/,False
2803,Texas,https://www.refdesk.com/tx.html,Times Record News,,https://www.timesrecordnews.com/,False
2804,Texas,https://www.refdesk.com/tx.html,Tyler Morning Telegraph,,https://tylerpaper.com/,False
2805,Texas,https://www.refdesk.com/tx.html,Uvalde Leader News,,https://www.uvaldeleadernews.com/,False
2806,Texas,https://www.refdesk.com/tx.html,"Valley Morning Star, The",,https://myrgv.com/,False
2807,Texas,https://www.refdesk.com/tx.html,Van Horn Advocate,,https://vhtx.news,False
2808,Texas,https://www.refdesk.com/tx.html,"Victoria Advocate, The",,https://www.victoriaadvocate.com/,False
2809,Texas,https://www.refdesk.com/tx.html,Waco Tribune-Herald,,https://wacotrib.com/entertainment/accesswaco/,False
2810,Texas,https://www.refdesk.com/tx.html,Waxahachie Daily Light,,https://www.waxahachietx.com/,False
2811,Texas,https://www.refdesk.com/tx.html,Weatherford Democrat,,https://www.weatherforddemocrat.com/,False
2812,Texas,https://www.refdesk.com/tx.html,Westlake Statesman,,https://www.statesman.com/westlake/,False
2813,Texas,https://www.refdesk.com/tx.html,Weimar Mercury,,http://www.weimarmercury.com/,False
2814,Texas,https://www.refdesk.com/tx.html,Wharton Journal-Spectator,,https://www.journal-Spectator.com/,False
2815,Texas,https://www.refdesk.com/tx.html,"Wilson County News, The",,https://www.wilsoncountynews.com/,False
2816,Texas,https://www.refdesk.com/tx.html,Wise County Messenger,,https://www.wcmessenger.com/,False
2829,Ohio,https://www.refdesk.com/oh.html,,,https://www.google.com,False
2830,Ohio,https://www.refdesk.com/oh.html,Search Tips/Tricks,,https://support.google.com/websearch,False
2833,Ohio,https://www.refdesk.com/oh.html,State Information,,https://www.infoplease.com/us/states/ohio,False
2834,Ohio,https://www.refdesk.com/oh.html,Active Dayton,,https://www.dayton.com,False
2835,Ohio,https://www.refdesk.com/oh.html,"Ada Herald, The",,https://adaherald.com/,False
2836,Ohio,https://www.refdesk.com/oh.html,"Ada Icon, The",,http://www.adaicon.com,False
2837,Ohio,https://www.refdesk.com/oh.html,"Advertiser-Tribune, The",,https://advertiser-tribune.com/,False
2838,Ohio,https://www.refdesk.com/oh.html,Akron Beacon Journal,,https://www.beaconjournal.com/,False
2839,Ohio,https://www.refdesk.com/oh.html,"Athens News, The",,https://www.athensnews.com/,False
2840,Ohio,https://www.refdesk.com/oh.html,Bellefontaine Examiner,,https://www.examiner.org/index.php,False
2841,Ohio,https://www.refdesk.com/oh.html,"Blade, The",,https://www.toledoblade.com/,False
2842,Ohio,https://www.refdesk.com/oh.html,"Bryan Times, The",,https://www.bryantimes.com/,False
2843,Ohio,https://www.refdesk.com/oh.html,"Bluffton Icon, The",,http://www.blufftonicon.com,False
2844,Ohio,https://www.refdesk.com/oh.html,Business First of Columbus,,https://www.bizjournals.com/columbus/,False
2845,Ohio,https://www.refdesk.com/oh.html,"Business Journal, The",,http://www.business-journal.com/,False
2846,Ohio,https://www.refdesk.com/oh.html,"Business News, The",,https://www.bizjournals.com/dayton/,False
2847,Ohio,https://www.refdesk.com/oh.html,"Canton Repository, The",,https://www.cantonrep.com/,False
2848,Ohio,https://www.refdesk.com/oh.html,Chagrin Valley Times,,http://www.chagrinvalleytimes.com,False
2849,Ohio,https://www.refdesk.com/oh.html,"Chronicle Telegram, The",,https://chroniclet.com/,False
2850,Ohio,https://www.refdesk.com/oh.html,Cincinnati.com,,https://www.cincinnati.com/communities/,False
2851,Ohio,https://www.refdesk.com/oh.html,"Cincinnati Enquirer, The",,https://www.cincinnati.com,False
2852,Ohio,https://www.refdesk.com/oh.html,Cincinnati Business Courier,,https://www.bizjournals.com/cincinnati/,False
2853,Ohio,https://www.refdesk.com/oh.html,Cincinnati CityBeat,,https://www.citybeat.com/,False
2854,Ohio,https://www.refdesk.com/oh.html,CityBeat,,https://www.citybeat.com/,False
2855,Ohio,https://www.refdesk.com/oh.html,Columbus Dispatch,,https://www.dispatch.com/,False
2856,Ohio,https://www.refdesk.com/oh.html,"Courier, The",,https://thecourier.com/,False
2857,Ohio,https://www.refdesk.com/oh.html,Crain's Cleveland Business,,https://www.crainscleveland.com/,False
2858,Ohio,https://www.refdesk.com/oh.html,"Crescent-News, The",,https://www.crescent-news.com/,False
2859,Ohio,https://www.refdesk.com/oh.html,"Daily Chief-Union, The",,https://www.dailychiefunion.com/,False
2860,Ohio,https://www.refdesk.com/oh.html,Daily Jeffersonian,,https://www.daily-jeff.com/,False
2861,Ohio,https://www.refdesk.com/oh.html,"Daily Record, The",,https://www.the-daily-record.com/,False
2862,Ohio,https://www.refdesk.com/oh.html,"Daily Reporter, The",,https://www.thedailyreporteronline.com/,False
2863,Ohio,https://www.refdesk.com/oh.html,"Daily Sentinel, The",,https://www.mydailysentinel.com/,False
2864,Ohio,https://www.refdesk.com/oh.html,"Daily Standard, The",,https://www.dailystandard.com/,False
2865,Ohio,https://www.refdesk.com/oh.html,"Dayton Daily News, The",,https://www.daytondailynews.com/,False
2866,Ohio,https://www.refdesk.com/oh.html,"Delaware Gazette, The",,https://www.delgazette.com/,False
2867,Ohio,https://www.refdesk.com/oh.html,"Eaton Register-Herald, The",,https://www.registerherald.com/,False
2868,Ohio,https://www.refdesk.com/oh.html,Fairfield Echo,,https://www.journal-news.com,False
2869,Ohio,https://www.refdesk.com/oh.html,"Georgetown News Democrat, The",,https://www.newsdemocrat.com/,False
2870,Ohio,https://www.refdesk.com/oh.html,"Herald, The",,https://www.circlevilleherald.com/,False
2871,Ohio,https://www.refdesk.com/oh.html,"Herald-Star, The",,https://www.heraldstaronline.com/,False
2872,Ohio,https://www.refdesk.com/oh.html,The Ironton Tribune,,https://www.irontontribune.com/,False
2873,Ohio,https://www.refdesk.com/oh.html,"Journal-News, The",,https://www.journal-news.com/,False
2874,Ohio,https://www.refdesk.com/oh.html,Lancaster Eagle-Gazette,,https://www.lancastereaglegazette.com/,False
2875,Ohio,https://www.refdesk.com/oh.html,Leader Online,,https://www.akron.com/,False
2876,Ohio,https://www.refdesk.com/oh.html,LimaOhio.com,,https://www.limaohio.com/,False
2877,Ohio,https://www.refdesk.com/oh.html,"Logan Daily News, The",,https://www.logandaily.com/,False
2878,Ohio,https://www.refdesk.com/oh.html,Mansfield News Journal,,https://www.mansfieldnewsjournal.com/,False
2879,Ohio,https://www.refdesk.com/oh.html,Marietta Times,,https://www.mariettatimes.com/,False
2880,Ohio,https://www.refdesk.com/oh.html,Marysville Journal-Tribune,,https://www.marysvillejt.com/,False
2881,Ohio,https://www.refdesk.com/oh.html,Medina County Gazette,,https://medina-gazette.com/,False
2882,Ohio,https://www.refdesk.com/oh.html,"Morning Journal, The",,https://www.morningjournal.com/,False
2883,Ohio,https://www.refdesk.com/oh.html,Morning Journal,,https://www.morningjournalnews.com/,False
2884,Ohio,https://www.refdesk.com/oh.html,Mount Vernon News,,https://mountvernonnews.com/,False
2885,Ohio,https://www.refdesk.com/oh.html,"News-Herald, The",,https://www.news-herald.com/,False
2886,Ohio,https://www.refdesk.com/oh.html,Oxford News,,https://www.journal-news.com/community/oxford/,False
2887,Ohio,https://www.refdesk.com/oh.html,"Plain Dealer, The",,https://www.cleveland.com/,False
2888,Ohio,https://www.refdesk.com/oh.html,Pulse-Journal,,https://www.journal-news.com,False
2889,Ohio,https://www.refdesk.com/oh.html,Putnam County Sentinel,,https://putnamsentinel.com/,False
2890,Ohio,https://www.refdesk.com/oh.html,Record-Courier,,https://www.record-courier.com/,False
2891,Ohio,https://www.refdesk.com/oh.html,"Record Herald, The",,https://www.recordherald.com/,False
2892,Ohio,https://www.refdesk.com/oh.html,"Repository, The",,https://www.cantonrep.com/,False
2893,Ohio,https://www.refdesk.com/oh.html,"Review, The",,https://www.reviewonline.com,False
2894,Ohio,https://www.refdesk.com/oh.html,"Sandusky Register, The",,https://sanduskyregister.com/,False
2895,Ohio,https://www.refdesk.com/oh.html,Sidney Daily News,,https://www.sidneydailynews.com/,False
2896,Ohio,https://www.refdesk.com/oh.html,"Springfield News-Sun, The",,https://www.springfieldnewssun.com/,False
2897,Ohio,https://www.refdesk.com/oh.html,Star-Beacon,,https://www.starbeacon.com/,False
2898,Ohio,https://www.refdesk.com/oh.html,Sun Newspapers,,http://www.sunnews.com/,False
2899,Ohio,https://www.refdesk.com/oh.html,"Sunbury News, The",,https://www.delgazette.com/,False
2900,Ohio,https://www.refdesk.com/oh.html,This Week,,https://www.thisweeknews.com/,False
2901,Ohio,https://www.refdesk.com/oh.html,"Tiffin Advertiser-Tribune, The",,https://advertiser-tribune.com/,False
2902,Ohio,https://www.refdesk.com/oh.html,Times-Journal,,https://www.vintonjacksoncourier.com/,False
2903,Ohio,https://www.refdesk.com/oh.html,"Times-Leader, The",,https://www.timesleaderonline.com/,False
2904,Ohio,https://www.refdesk.com/oh.html,"Times Bulletin, The",,https://timesbulletin.com/,False
2905,Ohio,https://www.refdesk.com/oh.html,"Times-Gazette, The",,https://www.timesgazette.com/,False
2906,Ohio,https://www.refdesk.com/oh.html,"Times-Reporter, The",,https://www.timesreporter.com/,False
2907,Ohio,https://www.refdesk.com/oh.html,Tribune Chronicle,,https://www.tribtoday.com/,False
2908,Ohio,https://www.refdesk.com/oh.html,Troy Daily News,,https://www.miamivalleytoday.com/,False
2909,Ohio,https://www.refdesk.com/oh.html,Urbana Daily Citizen,,https://www.urbanacitizen.com/,False
2910,Ohio,https://www.refdesk.com/oh.html,"Vindicator, The",,https://www.vindy.com/,False
2911,Ohio,https://www.refdesk.com/oh.html,"Western Star, The",,https://www.journal-news.com,False
2912,Ohio,https://www.refdesk.com/oh.html,West Side Leader,,https://www.akron.com/,False
2913,Ohio,https://www.refdesk.com/oh.html,Wilmington News-Journal,,https://www.wnewsj.com/,False
2914,Ohio,https://www.refdesk.com/oh.html,Xenia Daily Gazette,,https://www.xeniagazette.com/,False
2915,Ohio,https://www.refdesk.com/oh.html,Yellow Springs News,,https://ysnews.com/,False
2916,Ohio,https://www.refdesk.com/oh.html,Zanesville Time Recorder,,https://www.zanesvilletimesrecorder.com/,False
2929,Tennessee,https://www.refdesk.com/tn.html,,,https://www.google.com,False
2930,Tennessee,https://www.refdesk.com/tn.html,Search Tips/Tricks,,https://support.google.com/websearch,False
2933,Tennessee,https://www.refdesk.com/tn.html,State Information,,https://www.infoplease.com/us/states/tennessee,False
2934,Tennessee,https://www.refdesk.com/tn.html,Advocate & Democrat,,https://www.advocateanddemocrat.com/,False
2935,Tennessee,https://www.refdesk.com/tn.html,Bristol Herald Courier/Bristol Virginia-Tennessean,,https://heraldcourier.com/,False
2936,Tennessee,https://www.refdesk.com/tn.html,Business Journal,,https://bjournal.com/,False
2937,Tennessee,https://www.refdesk.com/tn.html,Chattanooga Times Free Press,,https://www.timesfreepress.com/,False
2938,Tennessee,https://www.refdesk.com/tn.html,"Chattanoogan, The",,https://www.chattanoogan.com/,False
2939,Tennessee,https://www.refdesk.com/tn.html,Citizen Tribune,,https://www.citizentribune.com/,False
2940,Tennessee,https://www.refdesk.com/tn.html,Cleveland Daily Banner,,https://www.clevelandbanner.com/,False
2941,Tennessee,https://www.refdesk.com/tn.html,"Commercial Appeal, The",,https://www.commercialappeal.com/,False
2942,Tennessee,https://www.refdesk.com/tn.html,"Curier, The",,https://www.courieranywhere.com/,False
2943,Tennessee,https://www.refdesk.com/tn.html,Crossville Chronicle,,https://www.crossville-chronicle.com/,False
2944,Tennessee,https://www.refdesk.com/tn.html,"Daily Herald, The",,https://www.columbiadailyherald.com/,False
2945,Tennessee,https://www.refdesk.com/tn.html,"Daily News Journal, The",,https://www.dnj.com/,False
2946,Tennessee,https://www.refdesk.com/tn.html,"Daily Post Athenian, The",,https://www.dailypostathenian.com/,False
2947,Tennessee,https://www.refdesk.com/tn.html,"Daily Times, The",,https://www.thedailytimes.com/,False
2948,Tennessee,https://www.refdesk.com/tn.html,Dyersburg State Gazette,,https://www.stategazette.com/,False
2949,Tennessee,https://www.refdesk.com/tn.html,Elizabethton Star,,https://www.elizabethton.com/,False
2950,Tennessee,https://www.refdesk.com/tn.html,"Elk Valley Times, The",,https://www.elkvalleytimes.com/,False
2951,Tennessee,https://www.refdesk.com/tn.html,Germantown News,,https://www.newspapers.com/paper/germantown-news/7933/,False
2952,Tennessee,https://www.refdesk.com/tn.html,"Greeneville Sun, The",,https://www.greenevillesun.com/,False
2953,Tennessee,https://www.refdesk.com/tn.html,Grundy County Herald,,https://www.grundycountyherald.com/,False
2954,Tennessee,https://www.refdesk.com/tn.html,"Herald-Citizen, The",,https://herald-citizen.com/,False
2955,Tennessee,https://www.refdesk.com/tn.html,"Herald-Chronicle, The",,https://www.heraldchronicle.com/,False
2956,Tennessee,https://www.refdesk.com/tn.html,"Herald-News, The",,https://www.rheaheraldnews.com/,False
2957,Tennessee,https://www.refdesk.com/tn.html,"Jackson Sun, The",,https://www.jacksonsun.com/,False
2958,Tennessee,https://www.refdesk.com/tn.html,Johnson City Press,,https://www.johnsoncitypress.com/,False
2959,Tennessee,https://www.refdesk.com/tn.html,"Kingsport Times-News, The",,https://www.timesnews.net/,False
2960,Tennessee,https://www.refdesk.com/tn.html,Knoxville News Sentinel,,https://www.knoxnews.com/,False
2961,Tennessee,https://www.refdesk.com/tn.html,LaFollette Press,,https://www.lafollettepress.com/,False
2962,Tennessee,https://www.refdesk.com/tn.html,"Leaf-Chronicle, The",,https://www.theleafchronicle.com/,False
2963,Tennessee,https://www.refdesk.com/tn.html,Manchester Times,,https://www.manchestertimes.com/,False
2964,Tennessee,https://www.refdesk.com/tn.html,Marshall County Tribune,,https://www.marshalltribune.com/,False
2965,Tennessee,https://www.refdesk.com/tn.html,"McKenzie Banner, The",,https://www.mckenziebanner.com/,False
2966,Tennessee,https://www.refdesk.com/tn.html,Memphis Business Journal,,https://www.bizjournals.com/memphis/,False
2967,Tennessee,https://www.refdesk.com/tn.html,Memphis Flyer,,https://www.memphisflyer.com/,False
2968,Tennessee,https://www.refdesk.com/tn.html,Nashville Business Journal,,https://www.bizjournals.com/nashville/,False
2969,Tennessee,https://www.refdesk.com/tn.html,"Newport Plain Talk, The",,https://www.newportplaintalk.com/,False
2970,Tennessee,https://www.refdesk.com/tn.html,News-Herald,,https://www.news-herald.net/,False
2971,Tennessee,https://www.refdesk.com/tn.html,"Oak Ridger, The",,https://www.oakridger.com/,False
2972,Tennessee,https://www.refdesk.com/tn.html,Overton County News,,https://www.overtoncountynews.com/,False
2973,Tennessee,https://www.refdesk.com/tn.html,"Paris Post-Intelligencer, The",,https://www.parispi.net/,False
2974,Tennessee,https://www.refdesk.com/tn.html,Roane County News,,https://www.roanecounty.com/,False
2975,Tennessee,https://www.refdesk.com/tn.html,"Rogersville Review, The",,https://www.therogersvillereview.com/,False
2976,Tennessee,https://www.refdesk.com/tn.html,"Shelbyville Times-Gazette, The",,https://www.t-g.com/,False
2977,Tennessee,https://www.refdesk.com/tn.html,Smithville Review,,https://www.smithvillereview.com/,False
2978,Tennessee,https://www.refdesk.com/tn.html,Southern Standard,,https://www.southernstandard.com/,False
2979,Tennessee,https://www.refdesk.com/tn.html,Standard Banner,,https://www.standardbanner.com/,False
2980,Tennessee,https://www.refdesk.com/tn.html,"Tennessean, The",,https://www.tennessean.com/,False
2981,Tennessee,https://www.refdesk.com/tn.html,"Tomahawk, The",,https://www.thetomahawk.com/,False
2982,Tennessee,https://www.refdesk.com/tn.html,Tullahoma News,,https://www.tullahomanews.com/,False
2995,Arizona,https://www.refdesk.com/az.html,,,https://www.google.com,False
2996,Arizona,https://www.refdesk.com/az.html,Search Tips/Tricks,,https://support.google.com/websearch,False
2999,Arizona,https://www.refdesk.com/az.html,State Information,,https://www.infoplease.com/us/states/arizona,False
3000,Arizona,https://www.refdesk.com/az.html,Ahwatukee Foothills News,,https://www.ahwatukee.com/,False
3001,Arizona,https://www.refdesk.com/az.html,Ajo Copper News,,http://cunews.info/,False
3002,Arizona,https://www.refdesk.com/az.html,Arizona Busines Gazette,,https://www.azcentral.com/business/,False
3003,Arizona,https://www.refdesk.com/az.html,Arizona Capital Times,,https://azcapitoltimes.com/,False
3004,Arizona,https://www.refdesk.com/az.html,Arizona Daily Independent,,https://arizonadailyindependent.com/,False
3005,Arizona,https://www.refdesk.com/az.html,Arizona Daily Star,,https://tucson.com/,False
3006,Arizona,https://www.refdesk.com/az.html,"Arizona Daily Sun, The",,https://azdailysun.com/,False
3007,Arizona,https://www.refdesk.com/az.html,Arizona Daily Wildcat,,https://www.wildcat.arizona.edu/,False
3008,Arizona,https://www.refdesk.com/az.html,Arizona Range News,,https://www.myheraldreview.com/news/willcox/,False
3009,Arizona,https://www.refdesk.com/az.html,Arizona Republic,,https://archive.azcentral.com/arizonarepublic/,False
3010,Arizona,https://www.refdesk.com/az.html,Arizona Silver Belt,,https://silverbelt.com/,False
3011,Arizona,https://www.refdesk.com/az.html,Bajo El Sol,,https://www.bajoelsol.com/,False
3012,Arizona,https://www.refdesk.com/az.html,"Big Bug News, The",,https://www.dcourier.com/,False
3013,Arizona,https://www.refdesk.com/az.html,"Bisbee Observer, The",,https://thebisbeeobserver.com/,False
3014,Arizona,https://www.refdesk.com/az.html,"Business Journal, The",,https://www.bizjournals.com/phoenix/,False
3015,Arizona,https://www.refdesk.com/az.html,Camp Verde Bugle,,https://www.verdenews.com/,False
3016,Arizona,https://www.refdesk.com/az.html,Chino Valley Review,,https://www.dcourier.com/,False
3017,Arizona,https://www.refdesk.com/az.html,"Daily Courier, The",,https://www.dcourier.com/,False
3018,Arizona,https://www.refdesk.com/az.html,"Daily Dispatch, The",,https://www.myheraldreview.com/news/douglas/,False
3019,Arizona,https://www.refdesk.com/az.html,"Daily Territorial, The",,https://www.insidetucsonbusiness.com/,False
3020,Arizona,https://www.refdesk.com/az.html,"Desert Messenger, The",,http://www.epageflip.net/t/6362-desert-messenger,False
3021,Arizona,https://www.refdesk.com/az.html,East Valley Tribune,,https://www.eastvalleytribune.com/,False
3022,Arizona,https://www.refdesk.com/az.html,Eastern Arizona Courier,,https://www.eacourier.com/,False
3023,Arizona,https://www.refdesk.com/az.html,Golden Valley Enterprise,,https://kdminer.com/,False
3024,Arizona,https://www.refdesk.com/az.html,Green Valley News & Sun,,https://www.gvnews.com/,False
3025,Arizona,https://www.refdesk.com/az.html,Jewish News of Greater Phoenix,,https://www.jewishaz.com,False
3026,Arizona,https://www.refdesk.com/az.html,Kingman Daily Miner,,https://kdminer.com/,False
3027,Arizona,https://www.refdesk.com/az.html,Lake Powell Chronicle,,https://lakepowellchronicle.com/,False
3028,Arizona,https://www.refdesk.com/az.html,Mojave Valley Daily News,,https://mohavedailynews.com/,False
3029,Arizona,https://www.refdesk.com/az.html,Navajo Hopi Observer,,https://www.nhonews.com/,False
3030,Arizona,https://www.refdesk.com/az.html,"Navajo Times, The",,https://navajotimes.com/,False
3031,Arizona,https://www.refdesk.com/az.html,Nogales International,,https://www.nogalesinternational.com/,False
3032,Arizona,https://www.refdesk.com/az.html,Oak Creek Villager,,https://www.verdenews.com/,False
3033,Arizona,https://www.refdesk.com/az.html,Pahrump Valley Times,,https://pvtimes.com/,False
3034,Arizona,https://www.refdesk.com/az.html,"Payson Roundup, The",,https://www.paysonroundup.com/,False
3035,Arizona,https://www.refdesk.com/az.html,Phoenix New Times,,https://www.phoenixnewtimes.com/,False
3036,Arizona,https://www.refdesk.com/az.html,Prescott Newspapers Online,,https://www.dcourier.com/,False
3037,Arizona,https://www.refdesk.com/az.html,"Prescott Valley Tribune, The",,https://www.dcourier.com/,False
3038,Arizona,https://www.refdesk.com/az.html,Quartzsite Times,,https://www.blythecanews.com/,False
3039,Arizona,https://www.refdesk.com/az.html,San Pedro Valley News-Sun,,https://www.myheraldreview.com/news/benson/,False
3040,Arizona,https://www.refdesk.com/az.html,Sierra Vista Herald,,https://www.myheraldreview.com/,False
3041,Arizona,https://www.refdesk.com/az.html,Sonoran News,,http://sonorannews.com/,False
3042,Arizona,https://www.refdesk.com/az.html,"Times of Fountain Hills, The",,https://www.fhtimes.com/,False
3043,Arizona,https://www.refdesk.com/az.html,Today's News-Herald,,https://www.havasunews.com/,False
3044,Arizona,https://www.refdesk.com/az.html,Tucson Citizen,,https://www.tucsoncitizen.com/,False
3045,Arizona,https://www.refdesk.com/az.html,Tucson Weekly,,https://www.tucsonweekly.com/,False
3046,Arizona,https://www.refdesk.com/az.html,West Valley View,,https://www.westvalleyview.com/,False
3047,Arizona,https://www.refdesk.com/az.html,Wickenburg Sun,,https://wickenburgsun.com/,False
3048,Arizona,https://www.refdesk.com/az.html,Yuma Daily Sun,,https://www.yumasun.com/,False
3061,Illinois,https://www.refdesk.com/il.html,,,https://www.google.com,False
3062,Illinois,https://www.refdesk.com/il.html,Search Tips/Tricks,,https://support.google.com/websearch,False
3065,Illinois,https://www.refdesk.com/il.html,State Information,,https://www.infoplease.com/us/states/illinois,False
3066,Illinois,https://www.refdesk.com/il.html,Amboy News,,https://amboynews.com,False
3067,Illinois,https://www.refdesk.com/il.html,Ashton Gazette,,https://ashtongazette.com/,False
3068,Illinois,https://www.refdesk.com/il.html,"Beacon News, The",,https://www.chicagotribune.com/suburbs/,False
3069,Illinois,https://www.refdesk.com/il.html,Belleville News-Democrat,,https://www.bnd.com/,False
3070,Illinois,https://www.refdesk.com/il.html,Benton Evening News,,https://www.bentoneveningnews.com/,False
3071,Illinois,https://www.refdesk.com/il.html,Breeze-Courier,,https://breezecourier.com/,False
3072,Illinois,https://www.refdesk.com/il.html,Bureau County Republican,,https://www.shawlocal.com/bureau-county-republican/,False
3073,Illinois,https://www.refdesk.com/il.html,"Carmi Times, The",,https://www.hometownregister.com/,False
3074,Illinois,https://www.refdesk.com/il.html,Charleston County Daily Times-Courier,,https://jg-tc.com/,False
3075,Illinois,https://www.refdesk.com/il.html,Chicago Reader,,https://www.chicagoreader.com,False
3076,Illinois,https://www.refdesk.com/il.html,Chicago Sun-Times,,https://chicago.suntimes.com/,False
3077,Illinois,https://www.refdesk.com/il.html,Chicago Tribune,,https://www.chicagotribune.com/,False
3078,Illinois,https://www.refdesk.com/il.html,Chillicothe Independent,,https://chillicotheindependent.com/,False
3079,Illinois,https://www.refdesk.com/il.html,Clinton Daily Journal,,https://theclintonjournal.com/,False
3080,Illinois,https://www.refdesk.com/il.html,Commercial-News,,https://www.commercial-news.com/,False
3081,Illinois,https://www.refdesk.com/il.html,Courier News,,https://www.chicagotribune.com/suburbs/,False
3082,Illinois,https://www.refdesk.com/il.html,Crain's Chicago Business,,https://www.chicagobusiness.com/,False
3083,Illinois,https://www.refdesk.com/il.html,"Daily Clay County Advocate-Press, The",,https://www.hometownregister.com/,False
3084,Illinois,https://www.refdesk.com/il.html,Daily Chronicle,,https://www.shawlocal.com/daily-chronicle/,False
3085,Illinois,https://www.refdesk.com/il.html,Daily Herald,,https://www.dailyherald.com/,False
3086,Illinois,https://www.refdesk.com/il.html,"Daily Journal, The",,https://www.daily-journal.com/,False
3087,Illinois,https://www.refdesk.com/il.html,"Daily Register, The",,https://www.dailyregister.com/,False
3088,Illinois,https://www.refdesk.com/il.html,"Daily Times, The",,https://www.shawlocal.com/mywebtimes/,False
3089,Illinois,https://www.refdesk.com/il.html,Desplaines Valley News,,https://desplainesvalleynews.com,False
3090,Illinois,https://www.refdesk.com/il.html,EdGlenToday.com,,https://www.edglentoday.com/index.cfm,False
3091,Illinois,https://www.refdesk.com/il.html,Edwardsville Intelligencer,,https://www.theintelligencer.com/,False
3092,Illinois,https://www.refdesk.com/il.html,"Elburn Herald, The",,https://www.dailyherald.com/community/elburn/,False
3093,Illinois,https://www.refdesk.com/il.html,"Galena, Gazette, The",,https://www.galenagazette.com/,False
3094,Illinois,https://www.refdesk.com/il.html,"Galesburg Register-Mail, The",,https://www.galesburg.com/,False
3095,Illinois,https://www.refdesk.com/il.html,Gazette-Democrat,,http://www.annanews.com/,False
3096,Illinois,https://www.refdesk.com/il.html,Hancock County Journal-Pilot,,http://www.journalpilot.com/,False
3097,Illinois,https://www.refdesk.com/il.html,Herald & Review,,https://herald-review.com/,False
3098,Illinois,https://www.refdesk.com/il.html,"Joliet Herald News, The",,https://www.chicagotribune.com/suburbs/,False
3099,Illinois,https://www.refdesk.com/il.html,"Journal-Standard, The",,https://www.journalstandard.com/,False
3100,Illinois,https://www.refdesk.com/il.html,Kane County Chronicle,,https://www.shawlocal.com/kane-county-chronicle/,False
3101,Illinois,https://www.refdesk.com/il.html,La Raza,,https://laraza.com/,False
3102,Illinois,https://www.refdesk.com/il.html,Lawndale News,,http://www.lawndalenews.com/,False
3103,Illinois,https://www.refdesk.com/il.html,Lincoln Daily News,,http://www.lincolndailynews.com/,False
3104,Illinois,https://www.refdesk.com/il.html,McDonoughVoice.com,,https://www.mcdonoughvoice.com/,False
3105,Illinois,https://www.refdesk.com/il.html,Marion Daily Republican,,https://www.dailyrepublicannews.com/,False
3106,Illinois,https://www.refdesk.com/il.html,Mattoon Journal-Gazette,,https://jg-tc.com/,False
3107,Illinois,https://www.refdesk.com/il.html,Metropolis Planet,,https://www.metropolisplanet.com/,False
3108,Illinois,https://www.refdesk.com/il.html,Mendota Reporter,,https://mendotareporter.com/,False
3109,Illinois,https://www.refdesk.com/il.html,My Suburban Life,,https://www.mysuburbanlife.com/,False
3110,Illinois,https://www.refdesk.com/il.html,"Naperville Sun, The",,https://www.chicagotribune.com/suburbs/,False
3111,Illinois,https://www.refdesk.com/il.html,News-Gazette Online,,https://www.news-gazette.com/,False
3112,Illinois,https://www.refdesk.com/il.html,News Progress,,https://newsprogress.com/,False
3113,Illinois,https://www.refdesk.com/il.html,News Tribune,,https://www.shawlocal.com/news-tribune/,False
3114,Illinois,https://www.refdesk.com/il.html,"News-Sun, The",,https://www.chicagotribune.com/suburbs/,False
3115,Illinois,https://www.refdesk.com/il.html,"Northwest Herald, The",,https://www.shawlocal.com/northwest-herald/,False
3116,Illinois,https://www.refdesk.com/il.html,Oak Park Journal,,https://www.oakpark.com/,False
3117,Illinois,https://www.refdesk.com/il.html,Olney Daily Mail,,https://www.hometownregister.com/,False
3118,Illinois,https://www.refdesk.com/il.html,"Pantagraph Online, The",,https://www.pantagraph.com/,False
3119,Illinois,https://www.refdesk.com/il.html,Paris Beacon-News,,https://www.parisbeacon.com/,False
3120,Illinois,https://www.refdesk.com/il.html,Peoria Journal Star,,https://www.pjstar.com/,False
3121,Illinois,https://www.refdesk.com/il.html,Pekin Daily Times,,https://www.pekintimes.com/,False
3122,Illinois,https://www.refdesk.com/il.html,Pioneer Press Newspapers,,https://www.chicagotribune.com/suburbs/,False
3123,Illinois,https://www.refdesk.com/il.html,Polish News,,https://www.polishnews.com/,False
3124,Illinois,https://www.refdesk.com/il.html,Prairie Advocate,,https://www.shawlocal.com/prairie-advocate/,False
3125,Illinois,https://www.refdesk.com/il.html,Quad-Cites Online/Dispatch-Argus,,https://qconline.com/,False
3126,Illinois,https://www.refdesk.com/il.html,"Quincy Herald-Whig, The",,https://www.whig.com/,False
3127,Illinois,https://www.refdesk.com/il.html,RiverBender.com,,https://www.riverbender.com/index.cfm,False
3128,Illinois,https://www.refdesk.com/il.html,Rockford Register Star,,https://www.rrstar.com/,False
3129,Illinois,https://www.refdesk.com/il.html,Robinson Daily News,,https://roblawnews.com/robinson,False
3130,Illinois,https://www.refdesk.com/il.html,Rochelle News-Leader,,https://rochellenews-leader.com/,False
3131,Illinois,https://www.refdesk.com/il.html,"Rock Island Argus, The",,https://qconline.com/,False
3132,Illinois,https://www.refdesk.com/il.html,"Rock River Times, The",,http://rockrivertimes.com,False
3133,Illinois,https://www.refdesk.com/il.html,Saukvalley.com,,https://www.shawlocal.com/sauk-valley/,False
3134,Illinois,https://www.refdesk.com/il.html,Southern Illinoisan,,https://thesouthern.com/,False
3135,Illinois,https://www.refdesk.com/il.html,Star-Courier,,https://www.starcourier.com/,False
3136,Illinois,https://www.refdesk.com/il.html,"Stark County News, The",,https://www.illinoisweeklies.com/,False
3137,Illinois,https://www.refdesk.com/il.html,"State Journal-Register, The",,https://www.sj-r.com/,False
3138,Illinois,https://www.refdesk.com/il.html,Taylorville Daily News,,https://taylorvilledailynews.com/,False
3139,Illinois,https://www.refdesk.com/il.html,"Telegraph, The",,https://www.thetelegraph.com/,False
3140,Illinois,https://www.refdesk.com/il.html,"Woodstock Independent, The",,https://www.thewoodstockindependent.com/,False
3153,New Mexico,https://www.refdesk.com/nm.html,,,https://www.google.com,False
3154,New Mexico,https://www.refdesk.com/nm.html,Search Tips/Tricks,,https://support.google.com/websearch,False
3157,New Mexico,https://www.refdesk.com/nm.html,State Information,,https://www.infoplease.com/us/states/new-mexico,False
3158,New Mexico,https://www.refdesk.com/nm.html,Alamogordo Daily News,,https://www.alamogordonews.com/,False
3159,New Mexico,https://www.refdesk.com/nm.html,Albuquerque Journal,,https://www.abqjournal.com/,False
3160,New Mexico,https://www.refdesk.com/nm.html,Carlsbad Current-Argus,,https://www.currentargus.com/,False
3161,New Mexico,https://www.refdesk.com/nm.html,"Daily Times, The",,https://www.daily-times.com/,False
3162,New Mexico,https://www.refdesk.com/nm.html,Deming Headlight,,https://www.demingheadlight.com/,False
3163,New Mexico,https://www.refdesk.com/nm.html,"Eastern New Mexico news, The",,https://www.easternnewmexiconews.com/,False
3164,New Mexico,https://www.refdesk.com/nm.html,El Defensor Chieftain,,https://dchieftain.com/,False
3165,New Mexico,https://www.refdesk.com/nm.html,Gallup Independent,,https://gallupindependent.com/,False
3166,New Mexico,https://www.refdesk.com/nm.html,Hobbs News-Sun,,https://www.hobbsnews.com/,False
3167,New Mexico,https://www.refdesk.com/nm.html,In the Mountains,,https://inthemountains.us/,False
3168,New Mexico,https://www.refdesk.com/nm.html,Las Cruces Bulletin,,https://www.lascrucesbulletin.com/,False
3169,New Mexico,https://www.refdesk.com/nm.html,Las Cruces Sun-News,,https://www.lcsun-news.com/,False
3170,New Mexico,https://www.refdesk.com/nm.html,Mountain Monthly,,http://www.mountainmonthly.com/,False
3171,New Mexico,https://www.refdesk.com/nm.html,News-Bulletin,,https://news-bulletin.com/,False
3172,New Mexico,https://www.refdesk.com/nm.html,Portales News-Tribune,,http://www.pntonline.com/,False
3173,New Mexico,https://www.refdesk.com/nm.html,Roswell Daily Record,,https://www.rdrnews.com/,False
3174,New Mexico,https://www.refdesk.com/nm.html,Ruidoso News,,https://www.ruidosonews.com/,False
3175,New Mexico,https://www.refdesk.com/nm.html,"Santa Fe New Mexican, The",,https://www.santafenewmexican.com/,False
3176,New Mexico,https://www.refdesk.com/nm.html,Santa Fe Reporter,,https://www.sfreporter.com/,False
3177,New Mexico,https://www.refdesk.com/nm.html,Santa Fe Times,,https://www.santafetimes.com/,False
3178,New Mexico,https://www.refdesk.com/nm.html,Silver City Daily Press & Independent,,https://www.scdailypress.com/,False
3179,New Mexico,https://www.refdesk.com/nm.html,Taos News,,https://www.taosnews.com/,False
3180,New Mexico,https://www.refdesk.com/nm.html,Weekly Alibi,,https://alibi.com/,False
